id,date,focal,tday,cond,dayofcond,observer,weather,ctpos,numct,sexct,ctfeed,ctenrich,ctclean,ctint,start,finish,enrich,enrichtime,timetoenrich,feeding,timetofeed,clean,cleant,timetoclean,xtraint,pxtraint,sep,patatsmed,foodgrunt,grunt,lipsmack,pbaboon,phuman,hgroomct,hgroomd,bgroomct,bgroomd,ghgroomct,ghgroomd,gbgroomct,gbgroomd,penisd,playb,plays,manenrichct,manenrichd,embraceh,embraceb,dproxct,dproxout,movetoobs,playvocal,iproxct,iproxout,threatg,bark,headshake,yawn,aggb,pace,aggdisp,teeth,rubgen,sway,turn,scream,sgroomct,sgroomd,eatct,eatd,drink,foragect,foraged,restct,restd,schratch,other ,comment
stevie,29/04,1,1,1,1,j,cloudy/windy,s,1,m,ms,ms,,,10:10:00 AM,10:30:00 AM,icei,2:20:00 PM,b,11:40:00 AM,b,no,,,no,,,,8,10,0,,0,,,1,100,,,0,0,2,0,0,0,0,,0,0,0,1,0,0,0,0,0,1,3,0,0,0,0,0,0,0,,0,0,1,436,0,3,59,4,698,10,0,
stevie,29/04,2,1,1,1,j,sunny/windy,s,1,m,ms,ms,,,2:10:00 PM,2:30:00 PM,icei,2:20:00 PM,d,11:40:00 AM,a,no,,,no,,,,0,0,0,,0,,,0,0,,,0,0,0,0,4,2,38,,0,1,0,0,0,0,0,1,0,0,0,0,6,0,0,0,0,0,,0,0,0,0,0,0,0,0,0,0,0,
stevie,29/04,3,1,1,1,j,cloudy/windy,s,1,m,ms,ms,,,3:58:00 PM,4:18:00 PM,icei,2:20:00 PM,a,11:40:00 AM,a,no,,,,,,,0,5,1,,0,,,3,127,,,0,0,0,0,0,0,0,,0,0,0,0,0,0,0,0,0,0,0,0,0,4,0,0,0,0,,0,0,0,0,0,0,0,3,923,6,0,
ayana,29/04,1,1,1,1,j,cloudy/windy,s,1,m,ms,ms,,,10:35:00 AM,10:55:00 AM,wirecage,2:30:00 PM,b,11:32:00 AM,b,no,,,,,no,,0,42,8,3,0,,,0,0,,,2,253,,0,0,0,0,,0,0,0,0,0,0,0,0,0,0,0,0,1,0,0,,0,0,,0,0,1,40,0,0,0,12,478,11,0,
ayana,29/04,2,1,1,1,j,cloudy/windy,s,1,m,ms,ms,,,3:10:00 PM,3:30:00 PM,wirecage,2:30:00 PM,a,11:32:00 AM,a,no,,,,,no,,0,108,15,10,0,,,0,0,,,0,0,,0,0,0,0,,0,0,0,0,0,0,0,0,0,0,0,0,0,0,0,,0,0,,1,9,7,258,0,10,123,13,749,4,0,
ayana,29/04,3,1,1,1,j,cloudy/windy,s,1,m,ms,ms,,,4:22:00 PM,4:42:00 PM,wirecage,2:30:00 PM,a,11:32:00 AM,a,no,,,,,no,,0,0,0,0,0,,,2,727,,,4,448,,0,0,0,0,,0,0,0,0,0,0,0,0,0,0,0,0,0,0,0,,0,0,,0,0,0,0,0,1,10,1,22,2,0,
patats,29/04,1,1,1,1,j,sunny/windy,s,1,m,ms,ms,,,1:00:00 PM,1:20:00 PM,wirecage,2:25:00 PM,b,11:45:00 AM,a,no,,,,,,b,0,0,1,0,0,,,3,110,,,4,316,,0,0,0,0,,0,0,0,0,0,0,0,0,0,0,0,0,0,0,0,,0,0,,0,0,6,557,0,4,92,2,69,6,0,
patats,29/04,2,1,1,1,j,sunny/windy,s,1,m,ms,ms,,,2:40:00 PM,3:00:00 PM,wirecage,2:25:00 PM,a,11:45:00 AM,a,no,,,,,,b,0,1,1,0,0,,,0,0,,,0,0,,0,0,5,493,,0,0,0,2,0,0,0,0,0,1,0,0,0,0,0,,0,0,,0,0,1,433,2,4,99,1,64,10,0,
patats,29/04,3,1,1,1,j,cloudy/windy,s,1,m,ms,ms,,,3:35:00 PM,3:55:00 PM,wirecage,2:25:00 PM,a,11:45:00 AM,a,no,,,,,,b,0,12,6,0,1,,,0,0,,,0,0,,0,0,0,0,,0,0,0,1,0,0,0,0,0,1,0,0,0,0,0,,0,0,,6,372,1,89,0,0,0,6,695,18,0,
hope ,29/04,1,1,1,1,j,cloudy/windy,s,1,m,ms,ms,,,1:23:00 PM,1:43:00 PM,wirecage,2:30:00 PM,b,11:32:00 AM,a,no,,,,,yes,,0,25,11,0,0,,,0,0,,,0,0,,0,0,0,0,,0,0,0,0,0,0,0,0,0,0,0,0,0,0,0,,0,0,,0,0,0,0,0,0,0,2,1088,5,0,
hope ,29/04,2,1,1,1,j,sunny/windy,s,1,m,ms,ms,,,1:45:00 PM,2:05:00 PM,wirecage,2:30:00 PM,b,11:32:00 AM,a,no,,,,,yes,,0,30,12,1,0,,,0,0,,,2,20,,0,0,0,0,,0,0,0,0,0,0,0,0,0,0,0,0,0,5,0,,0,0,,2,55,1,10,0,1,18,10,660,7,0,
hope ,29/04,3,1,1,1,j,cloudy/windy,s,1,m,ms,ms,,,4:45:00 PM,5:05:00 PM,wirecage,2:30:00 PM,a,11:32:00 AM,a,no,,,no,,no ,,0,26,5,0,0,,,2,289,,,2,390,,0,0,0,0,,0,0,0,0,0,0,0,0,0,1,0,0,0,0,0,,0,0,,0,0,0,0,0,0,0,4,421,1,0,
ayana,30/04,1,2,1,2,j,cloudy/rainy,s,1,m,ms,ms,,,7:38:00 AM,7:58:00 AM,bamboologs+browse,2:38:00 PM,b,10:14:00 AM,b,no,,,no,,no ,,0,13,3,2,0,,,1,5,,,1,3,,0,0,0,0,,0,0,0,0,0,0,0,0,2,1,2,0,2,0,0,,0,0,,0,0,0,0,0,0,0,12,817,8,0,
ayana,30/04,2,2,1,2,j,sunny/windy,s,1,m,ms,ms,,,10:55:00 AM,11:15:00 AM,bamboologs+browse,2:38:00 PM,b,10:14:00 AM,a,no,,,no,,yes,,0,149,13,14,0,,,0,0,,,3,157,,0,0,0,0,,0,0,0,0,0,0,0,0,3,1,0,0,0,0,2,,0,0,3,1,10,2,81,0,0,0,13,448,2,0,
ayana,30/04,3,2,1,2,j,sunny ,s,1,m,ms,ms,,,11:45:00 AM,12:05:00 PM,bamboologs+browse,2:38:00 PM,b,10:14:00 AM,a,no,,,no,,yes,,0,35,4,6,0,,,0,0,,,8,473,,0,0,0,0,,0,0,0,0,0,0,0,0,0,1,0,3,1,1,2,,0,0,7,6,107,0,0,1,0,0,14,332,6,0,
hope ,30/04,1,2,1,2,j,cloudy/rainy,s,1,m,ms,ms,,,8:01:00 AM,8:21:00 AM,bamboologs+browse,2:38:00 PM,b,10:12:00 AM,b,no,,,no,,no ,,0,46,7,0,0,,,5,356,,,1,8,,0,0,0,0,,0,0,0,0,0,0,0,0,0,1,2,1,0,0,0,,0,0,,3,47,0,0,1,0,0,12,685,5,0,
hope ,30/04,2,2,1,2,j,cloudy,s,1,m,ms,ms,,,9:58:00 AM,10:18:00 AM,bamboologs+browse,2:38:00 PM,b,10:12:00 AM,d,no,,,0,,no/yes,,20,2,4,2,0,,,0,0,,,1,523,,0,0,0,0,,0,1,0,0,0,0,0,0,2,1,0,0,1,1,2,,0,0,,0,0,4,188,0,4,38,2,189,3,0,
hope ,30/04,3,2,1,2,j,cloudy/windy,s,1,m,ms,ms,,,1:50:00 PM,2:10:00 PM,bamboologs+browse,2:38:00 PM,b,10:12:00 AM,a,no,,,0,,yes,,0,25,9,1,0,,,0,0,,,1,4,,0,0,0,0,,0,0,0,0,0,0,0,0,0,0,0,0,0,0,0,,0,0,,1,27,3,130,0,3,75,3,773,4,0,
stevie,30/04,1,2,1,2,j,cloudy/rainy,s,1,m,ms,ms,,,8:25:00 AM,8:45:00 AM,bamboologs+browse,2:22:00 PM,b,10:50:00 AM,b,no,,,0,,,,0,5,0,,0,,,0,0,,,0,0,1,0,7,0,0,,0,0,0,0,0,0,0,0,0,0,6,0,0,0,0,2,0,1,,13,725,0,0,0,0,0,10,580,6,0,
stevie,30/04,2,2,1,2,j,cloudy,s,1,m,ms,ms,,,9:33:00 AM,9:53:00 AM,bamboologs+browse,2:22:00 PM,b,10:50:00 AM,b,no,,,0,,,,0,0,0,,0,,,0,0,,,0,0,0,0,2,0,0,,0,0,0,0,0,0,0,0,0,1,1,0,0,0,0,3,0,0,,12,363,0,0,0,0,0,11,606,10,0,
stevie,30/4,3,2,1,2,j,sunny/windy,s,1,m,ms,ms,,,1:27:00 PM,1:47:00 PM,bamboologs+browse,2:22:00 PM,b,10:50:00 AM,a,no,,,0,,,,0,8,0,,0,,,0,0,,,0,0,4,0,1,0,0,,0,0,1,0,0,0,0,0,0,1,1,0,1,0,0,0,0,6,,0,0,0,0,0,2,17,3,1013,10,0,
patats,30/4,1,2,1,2,j,cloudy/rainy,s,1,m,ms,ms,,,9:10:00 AM,9:30:00 AM,bamboologs+browse,2:33:00 PM,b,10:45:00 AM,b,no,,,0,,,b,0,23,4,1,0,,,0,0,,,0,0,,0,0,0,0,,0,0,0,0,0,0,0,0,0,3,0,0,11,0,0,,0,0,,1,25,0,0,0,0,0,5,874,14,0,
patats,30/4,2,2,1,2,j,sunny ,s,1,m,ms,ms,,,11:20:00 AM,11:40:00 AM,bamboologs+browse,2:33:00 PM,b,10:45:00 AM,a,no,,,0,,,b,0,6,0,1,0,,,1,6,,,1,28,,0,0,0,0,,0,0,0,2,0,0,0,0,0,1,0,0,0,0,0,,0,0,,3,69,7,487,0,8,446,3,113,13,0,
patats,30/4,3,2,1,2,j,sunny,s,1,m,ms,ms,,,1:05:00 PM,1:25:00 PM,bamboologs+browse,2:33:00 PM,b,10:45:00 AM,a,no,,,0,,,b,0,1,0,0,0,,,0,0,,,0,0,,0,0,0,0,,0,0,0,1,0,0,0,0,0,0,0,0,0,0,0,,0,0,,0,0,0,0,0,3,142,2,984,16,0,
patats,5-Feb,1,3,1,3,j,sunny/cloudy,s,1,m,ms,ms,,,9:53:00 AM,10:13:00 AM,wirecage,2:32:00 PM,b,12:30:00 PM,b,no,,,0,yes,,b,0,6,2,0,0,,,0,0,,,0,0,,0,0,0,0,,0,0,0,2,0,0,0,0,0,0,0,0,0,0,0,,0,0,,1,14,1,135,0,4,183,2,791,15,0,
patats,5-Feb,2,3,1,3,j,cloudy,s,1,m,ms,ms,,,11:48:00 AM,12:08:00 PM,wirecage,2:32:00 PM,b,12:30:00 PM,b,no,,,0,yes,,b,0,24,0,0,0,,,0,0,,,0,0,,0,0,0,0,,0,0,0,1,0,0,0,0,0,0,0,0,0,0,0,,1,0,,0,0,1,30,0,3,265,7,658,16,0,
patats,5-Feb,3,3,1,3,j,sunny,s,1,m,ms,ms,,,3:34:00 PM,3:54:00 PM,wirecage,2:32:00 PM,a,12:30:00 PM,a,no,,,0,yes,,b,0,0,0,0,0,,,0,0,,,0,0,,0,0,0,0,,0,0,0,0,0,0,0,11,0,1,0,1,0,0,0,,0,0,,2,255,0,0,0,0,0,5,902,5,0,
stevie,5-Feb,1,3,1,3,j,cloudy,s,1,m,ms,ms,,,10:17:00 AM,10:37:00 AM,pvcpipe,2:30:00 PM,b,12:15:00 PM,b,no,,,0,,,,0,6,0,,0,,,4,422,,,0,0,4,0,0,0,0,,0,0,2,0,0,0,0,0,0,0,0,0,0,0,0,0,0,1,,0,0,1,129,0,0,0,1,574,2,0,
stevie,5-Feb,2,3,1,3,j,sunny,s,1,m,ms,ms,,,2:30:00 PM,2:50:00 PM,pvcpipe,2:30:00 PM,d,12:15:00 PM,a,no,,,0,,,,2,2,0,,0,,,0,0,,,0,0,0,0,0,3,1101,,0,1,0,0,0,0,0,0,0,0,0,0,1,0,0,0,0,0,,0,0,0,0,0,0,0,1,25,0,0,
stevie,5-Feb,3,3,1,3,j,sunny,s,1,m,ms,ms,,,5:09:00 PM,5:29:00 PM,pvcpipe,2:30:00 PM,a,12:15:00 PM,a,no,,,0,,,,0,10,0,,0,,,0,0,,,0,0,0,0,0,0,0,,0,0,0,0,0,0,0,0,0,0,1,0,0,0,0,0,0,1,,0,0,1,269,0,3,134,2,663,1,0,
hope ,5-Feb,1,3,1,3,j,cloudy,s,1,m,ms,ms,,,10:40:00 AM,11:00:00 AM,wirecage+browse,10:20:00 AM,a,12:20:00 PM,b,no,,,0,,no,,0,18,7,0,0,,,0,0,,,1,549,,0,0,0,0,,0,0,0,0,0,0,0,0,0,0,0,0,0,0,0,,0,0,,1,20,0,0,0,2,40,4,1062,3,0,
hope ,5-Feb,2,3,1,3,j,sunny,s,1,m,ms,ms,,,2:52:00 PM,3:12:00 PM,wirecage+browse,10:20:00 AM,a,12:20:00 PM,a,no,,,0,,yes,,0,35,4,1,0,,,0,0,,,1,3,,0,0,1,73,,0,0,0,1,0,0,0,0,0,0,0,0,0,0,0,,0,0,,0,0,1,34,0,3,35,4,816,6,0,
hope ,5-Feb,3,3,1,3,j,sunny,s,1,m,ms,ms,,,4:45:00 PM,5:05:00 PM,wirecage+browse,10:20:00 AM,a,12:20:00 PM,a,no,,,0,,no,,0,24,1,2,0,,,0,0,,,2,289,,0,0,2,78,,0,0,0,0,0,0,0,0,0,0,0,1,0,0,0,,0,0,,0,0,4,144,0,4,110,4,385,4,0,
ayana,5-Feb,1,3,1,3,j,sunny/cloudy,s,1,m,ms,ms,,,11:03:00 AM,11:23:00 AM,wirecage+browse,10:20:00 AM,a,12:22:00 PM,b,no,,,0,,no,,0,0,1,1,0,,,1,6,,,0,0,,0,0,112,0,,0,0,0,0,0,0,0,0,0,0,0,0,0,0,0,,0,0,,2,70,2,35,1,3,150,5,740,3,0,
ayana,5-Feb,2,3,1,3,j,sunny/cloudy,s,1,m,ms,ms,,,11:25:00 AM,11:45:00 AM,wirecage+browse,10:20:00 AM,a,12:22:00 PM,b,no,,,0,,no,,0,49,4,3,0,,,0,0,,,1,25,,0,0,0,0,,0,0,0,0,0,0,0,0,0,0,0,0,0,0,0,,0,0,30,0,0,1,35,0,3,31,12,721,7,0,
ayana,5-Feb,3,3,1,3,j,sunny,s,1,m,ms,ms,,,3:13:00 PM,3:33:00 PM,wirecage+browse,10:20:00 AM,a,12:22:00 PM,a,no,,,0,,yes,,0,27,2,1,0,,,0,0,,,0,0,,0,0,0,0,,0,0,0,0,0,0,0,0,1,0,0,3,0,0,0,,1,0,,0,0,3,91,0,3,24,12,605,5,0,
patats,5-Mar,1,4,1,4,j,cloudy,s+s+v,3,m+m+f,ms,ms+fv,ms,,6:52:00 AM,7:13:00 AM,scatterfeed,4:18:00 PM,b,11:34:00 AM,b,yes,2:12:00 PM,b,0,,,b,0,12,5,2,2,0,0,0,0,0,0,2,41,,0,0,2,64,0,0,0,1,3,0,0,0,0,0,0,0,0,0,0,0,,0,0,,0,0,4,247,0,10,393,1,83,5,0,
patats,5-Mar,2,4,1,4,j,sunny,s+s+v,3,m+m+f,ms,ms+fv,ms,,11:41:00 AM,12:01:00 PM,scatterfeed,4:18:00 PM,b,11:34:00 AM,a,yes,2:12:00 PM,b,0,,,b,0,0,1,0,0,0,0,0,0,0,0,0,0,,0,0,0,0,0,0,0,0,0,0,0,0,0,0,0,0,0,0,0,0,,0,0,,0,0,15,811,0,14,336,0,0,4,0,
patats,5-Mar,3,4,1,4,j,sunny,s+s+v,3,m+m+f,ms,ms+fv,ms,,2:43:00 PM,3:03:00 PM,scatterfeed,4:18:00 PM,b,11:34:00 AM,a,yes,2:12:00 PM,a,0,,,b,0,3,0,0,0,1,31,0,0,0,0,0,0,,0,0,0,0,0,0,1,0,0,0,0,0,0,0,0,0,4,4,0,0,,0,0,,0,0,1,76,1,6,531,2,198,5,0,
ayana,5-Mar,1,4,1,4,j,cloudy,s+v,2,m+f,ms,ms+fv,,,7:15:00 AM,7:35:00 AM,scatterfeed,4:23:00 PM,b,11:40:00 AM,b,no,,,0,,no,,0,0,2,2,0,,,2,356,,,1,105,,0,0,0,0,,0,0,0,0,0,0,0,0,0,0,0,1,0,0,1,,0,0,,0,0,6,192,0,4,143,3,88,2,0,
ayana,5-Mar,2,4,1,4,j,sunny,s+v,2,m+f,ms,ms+fv,,,1:12:00 PM,1:32:00 PM,scatterfeed,4:23:00 PM,b,11:40:00 AM,a,no,,,0,,no,,0,62,10,1,0,,,0,0,,,0,0,,0,0,0,0,,0,0,0,0,0,0,0,0,0,0,0,0,0,0,0,,0,0,,1,6,6,192,0,4,143,3,55,4,0,
ayana,5-Mar,3,4,1,4,j,sunny,s+v,2,m+f,ms,ms+fv,,,2:21:00 PM,2:41:00 PM,scatterfeed,4:23:00 PM,b,11:40:00 AM,a,no,,,0,,no,,0,17,4,3,0,,,3,56,,,0,0,,0,0,0,0,,0,0,0,0,0,0,1,0,0,0,0,0,0,0,0,,0,0,,0,0,1,8,0,1,8,11,923,4,0,
hope ,5-Mar,1,4,1,4,j,sunny,s+v,2,m+f,ms,ms+fv,,,10:55:00 AM,11:15:00 AM,scatterfeed,4:25:00 PM,b,11:40:00 AM,b,no,,,0,,no,,0,18,3,0,0,,,0,0,,,0,0,,0,0,0,0,,0,0,0,0,0,0,0,0,0,0,1,0,0,0,0,,0,0,,1,12,0,0,0,0,0,2,1154,8,0,
hope ,5-Mar,2,4,1,4,j,sunny,s+v,2,m+f,ms,ms+fv,,,1:32:00 PM,1:52:00 PM,scatterfeed,4:25:00 PM,b,11:40:00 AM,a,no,,,0,,no,,0,34,15,3,0,,,1,8,,,1,149,,0,0,0,0,,0,0,0,1,0,0,0,0,0,0,0,0,0,1,1,,0,0,,1,6,2,142,0,5,128,5,493,6,0,
hope ,5-Mar,3,4,1,4,j,sunny,s+v,2,m+f,ms,ms+fv,,,3:31:00 PM,3:51:00 PM,scatterfeed,4:25:00 PM,b,11:40:00 AM,a,no,,,0,,no,,1,29,4,2,0,,,1,11,,,0,0,,0,0,0,0,,0,0,0,0,0,0,0,0,5,0,0,1,2,0,1,,0,0,,0,0,0,0,0,0,0,14,785,1,1,
stevie,5-Mar,1,4,1,4,j,sunny,s+s+v,3,m+m+f,ms,ms+fv,,,11:18:00 AM,11:38:00 AM,scatterfeed+pvcpipe,4:14:00 PM,b,11:36:00 AM,d,no,,,0,,,,8,1,1,,0,,,0,0,,,0,0,3,0,0,0,0,,0,1,3,0,0,0,0,4,0,1,2,0,3,0,0,2,0,2,,0,0,4,53,0,2,69,3,726,4,0,
stevie,5-Mar,2,4,1,4,j,sunny,s+s+v,3,m+m+f,ms,ms+fv,,,1:56:00 PM,2:16:00 PM,scatterfeed+pvcpipe,4:14:00 PM,b,11:36:00 AM,a,no,,,0,,,,0,19,0,,0,,,0,0,,,0,0,0,0,3,0,0,,0,1,3,0,0,0,0,8,0,0,2,0,2,1,1,0,0,1,,0,0,0,0,1,5,233,8,417,4,0,
stevie,5-Mar,3,4,1,4,j,sunny,s+s+v,3,m+m+f,ms,ms+fv,,,3:55:00 PM,4:15:00 PM,scatterfeed+pvcpipe,4:14:00 PM,d,11:36:00 AM,a,no,,,0,,,,0,16,0,,0,,,0,0,,,0,0,0,0,5,0,0,,0,5,4,3,0,0,0,0,2,0,1,0,7,1,0,0,0,6,,0,0,1,42,0,0,0,8,624,2,1,
patats,5-May,1,5,1,5,j,sunny,s,1,m,ms,ms,,,7:20:00 AM,7:40:00 AM,scatterfeed+browse+papballs,4:40:00 PM,b,11:50:00 AM,b,no,,,0,,,b,0,2,3,2,0,,,2,12,,,1,5,,0,0,0,0,,0,0,0,2,0,0,0,0,0,0,1,0,0,0,0,,0,0,,1,6,0,0,0,5,83,5,794,7,0,
patats,5-May,2,5,1,5,j,sunny,s,1,m,ms,ms,,,10:38:00 AM,10:58:00 AM,scatterfeed+browse+papballs,4:40:00 PM,b,11:50:00 AM,b,no,,,0,,,b,0,0,0,0,0,,,0,0,,,0,0,,0,0,0,0,,0,0,1,2,0,0,0,0,0,0,0,0,1,0,0,,0,0,,0,0,2,688,0,10,502,1,31,2,0,
patats,5-May,3,5,1,5,j,sunny,s,1,m,ms,ms,,,11:45:00 AM,12:05:00 PM,scatterfeed+browse+papballs,4:40:00 PM,b,11:50:00 AM,d,no,,,0,,,b,0,7,0,0,0,,,0,0,,,0,0,,0,0,0,0,,0,3,2,0,0,0,0,0,0,0,0,0,26,0,0,,0,0,,0,0,11,441,0,14,356,0,0,2,0,
ayana,5-May,1,5,1,5,j,sunny,s,1,m,ms,ms,,,7:45:00 AM,8:05:00 AM,scatterfeed+browse+papballs,4:30:00 PM,b,11:55:00 AM,b,no,,,0,,no,,0,25,3,0,0,,,0,0,,,0,0,,0,0,0,0,,1,0,0,0,0,0,0,0,0,0,0,0,0,0,1,,0,0,,0,0,0,0,0,0,0,7,843,6,0,
ayana,5-May,2,5,1,5,j,sunny,s,1,m,ms,ms,,,9:22:00 AM,9:42:00 AM,scatterfeed+browse+papballs,4:30:00 PM,b,11:55:00 AM,b,no,,,0,,no,,0,5,1,1,0,,,2,673,,,1,257,,0,0,0,0,,0,0,0,0,0,0,0,0,0,0,0,0,0,0,0,,0,0,,0,0,1,6,0,0,0,3,167,4,0,
ayana,5-May,3,5,1,5,j,sunny,s,1,m,ms,ms,,,11:23:00 AM,11:43:00 AM,scatterfeed+browse+papballs,4:30:00 PM,b,11:55:00 AM,b,no,,,0,,no,,0,5,1,3,0,,,1,3,,,0,0,,0,0,0,0,,0,0,0,0,0,0,0,0,0,0,0,0,0,0,0,,0,0,,0,0,0,0,0,0,0,16,843,6,0,
stevie,5-May,1,5,1,5,j,sunny,s,1,m,ms,ms,,,8:09:00 AM,8:29:00 AM,scatterfeed+browse+papballs,4:40:00 PM,b,12:00:00 PM,b,no,,,0,,,,0,0,0,,0,,,0,0,,,0,0,0,0,6,0,0,,0,0,0,0,0,0,0,0,0,1,3,0,0,0,0,0,0,2,,0,0,0,0,0,0,0,5,1087,0,0,
stevie,5-May,2,5,1,5,j,sunny,s,1,m,ms,ms,,,8:59:00 AM,9:19:00 AM,scatterfeed+browse+papballs,4:40:00 PM,b,12:00:00 PM,b,no,,,0,,,,0,0,1,,0,,,2,498,,,0,0,2,0,1,0,0,,0,0,0,0,0,0,0,0,0,0,0,0,0,0,0,1,0,0,,5,165,0,0,1,2,18,7,255,3,0,
stevie,5-May,3,5,1,5,j,sunny,s,1,m,ms,ms,,,11:00:00 AM,11:20:00 AM,scatterfeed+browse+papballs,4:40:00 PM,b,12:00:00 PM,b,no,,,0,,,,0,2,1,,0,1,4,2,245,,,0,0,4,0,1,0,0,0,0,0,3,0,0,0,0,0,0,0,1,0,0,0,0,2,0,0,,0,0,0,0,0,0,0,3,767,3,1,
hope ,5-May,1,5,1,5,j,sunny,s,1,m,ms,ms,,,8:35:00 AM,8:55:00 AM,scatterfeed+browse+papballs,4:30:00 PM,b,11:55:00 AM,b,no,,,0,,no,,0,0,3,2,0,,,2,10,,,2,450,,0,0,0,0,,0,0,0,0,0,0,2,0,0,0,0,1,1,1,0,,0,0,,0,0,1,22,0,0,0,6,332,3,0,
hope ,5-May,2,5,1,5,j,sunny,s,1,m,ms,ms,,,10:15:00 AM,10:35:00 AM,scatterfeed+browse+papballs,4:30:00 PM,b,11:55:00 AM,b,no,,,0,,no,,0,22,3,1,0,,,0,0,,,0,0,,0,0,0,0,,0,0,0,0,0,0,0,0,0,0,0,0,0,0,0,,0,0,,0,0,2,162,0,2,16,3,934,4,0,
hope ,5-May,3,5,1,5,j,sunny,s,1,m,ms,ms,,,1:01:00 PM,1:21:00 PM,scatterfeed+browse+papballs,4:30:00 PM,b,11:55:00 AM,a,no,,,0,,yes,,0,18,9,1,0,,,0,0,,,2,31,,0,0,0,0,,0,0,0,0,0,0,0,0,0,0,0,0,0,0,1,,0,0,,1,10,3,209,0,3,28,9,853,7,0,
stevie,5-Sep,1,6,1,6,j,cloudy,s,1,m,ms,ms,,,8:04:00 AM,8:24:00 AM,iceiwithkongball,4:00:00 PM,b,12:10:00 PM,b,no,,,0,,,,0,0,0,,0,,,0,0,,,0,0,0,0,0,0,0,,0,0,0,0,0,0,0,4,0,0,0,0,0,1,0,0,0,0,,0,0,4,155,0,6,258,3,548,6,0,
stevie,5-Sep,2,6,1,6,j,sunny/cloudy,s,1,m,ms,ms,,,10:05:00 AM,10:25:00 AM,iceiwithkongball,4:00:00 PM,b,12:10:00 PM,b,no,,,0,,,,0,0,0,,0,,,0,0,,,0,0,2,0,1,0,0,,0,0,0,0,0,0,0,0,0,1,5,0,0,0,0,0,0,0,,0,0,7,436,0,4,37,4,645,4,0,
stevie,5-Sep,3,6,1,6,j,sunny,s,1,m,ms,ms,,,1:16:00 PM,1:36:00 PM,iceiwithkongball,4:00:00 PM,b,12:10:00 PM,a,no,,,0,,,,0,16,3,,0,,,2,30,,,1,5,0,0,1,0,0,,0,0,1,0,0,0,0,0,0,0,0,1,0,0,0,0,0,0,,0,0,0,0,0,4,81,6,921,5,0,
ayana,5-Sep,1,6,1,6,j,sunny/cloudy,s,1,m,ms,ms,,,8:25:00 AM,8:45:00 AM,iceiwithkongball,4:10:00 PM,b,12:20:00 PM,b,no,,,0,,no,,0,6,0,1,0,,,0,0,,,0,0,,0,0,0,0,,0,0,0,0,0,0,0,0,0,0,0,0,0,0,0,,0,0,,0,0,0,0,0,0,0,6,1050,4,0,
ayana,5-Sep,2,6,1,6,j,sunny/cloudy,s,1,m,ms,ms,,,10:52:00 AM,11:12:00 AM,iceiwithkongball,4:10:00 PM,b,12:20:00 PM,b,no,,,0,,no,,0,14,2,0,0,,,1,538,,,1,33,,0,0,0,0,,0,0,0,0,0,0,0,0,0,0,1,0,0,0,0,,0,0,,2,23,0,0,1,1,24,3,421,7,0,
ayana,5-Sep,3,6,1,6,j,sunny,s,1,m,ms,ms,,,1:38:00 PM,1:58:00 PM,iceiwithkongball,4:10:00 PM,b,12:20:00 PM,a,no,,,0,,yes,,0,20,3,5,0,,,0,0,,,1,50,,0,0,0,0,,0,0,0,0,0,0,0,0,0,0,0,0,0,0,0,,0,0,,0,0,5,230,0,7,268,6,416,3,0,
patats,5-Sep,1,6,1,6,j+r,sunny,s,1,m,ms,ms,,,8:50:00 AM,9:10:00 AM,iceiwithkongball,4:18:00 PM,b,12:00:00 PM,b,no,,,0,,,b,0,4,0,0,0,,,0,0,,,0,0,,0,0,0,0,,0,0,0,0,0,0,0,0,0,0,0,0,0,0,0,,0,0,,0,0,0,0,0,0,0,2,1180,6,0,
patats,5-Sep,2,6,1,6,j,sunny,s,1,m,ms,ms,,,11:15:00 AM,11:35:00 AM,iceiwithkongball,4:18:00 PM,b,12:00:00 PM,b,no,,,0,,,b,0,13,2,0,0,,,1,10,,,1,31,,0,0,0,0,,0,0,0,0,0,0,0,0,0,1,0,0,0,0,0,,0,0,,2,56,2,114,0,4,92,8,881,13,0,
patats,5-Sep,3,6,1,6,j,sunny/cloudy,s,1,m,ms,ms,,,2:05:00 PM,2:25:00 PM,iceiwithkongball,4:18:00 PM,b,12:00:00 PM,a,no,,,0,,,b,0,38,7,0,0,,,0,0,,,1,6,,0,0,0,0,,0,0,1,0,0,0,0,4,0,1,0,1,0,1,0,,0,0,,7,220,0,0,0,7,118,7,486,2,0,
hope ,5-Sep,1,6,1,6,j,sunny/cloudy,s,1,m,ms,ms,,,9:35:00 AM,9:55:00 AM,iceiwithkongball,4:10:00 PM,b,12:10:00 PM,b,no,,,0,,no,,0,25,5,0,0,,,0,0,,,0,0,,0,0,0,0,,0,0,0,0,0,0,0,0,0,0,0,0,0,2,0,,0,0,1,3,36,0,0,0,0,0,4,1118,9,0,
hope ,5-Sep,2,6,1,6,j,sunny/cloudy,s,1,m,ms,ms,,,10:30:00 AM,10:50:00 AM,iceiwithkongball,4:10:00 PM,b,12:10:00 PM,b,no,,,0,,no,,0,0,0,0,0,,,2,745,,,1,452,,0,0,0,0,,0,0,0,0,0,0,0,0,0,0,0,0,0,0,0,,0,0,,0,0,0,0,0,0,0,0,0,0,0,
hope ,5-Sep,3,6,1,6,j,sunny/cloudy,s,1,m,ms,ms,,,12:53:00 PM,1:13:00 PM,iceiwithkongball,4:10:00 PM,b,12:10:00 PM,a,no,,,0,,yes,,0,44,7,1,0,,,1,126,,,0,0,,0,0,0,0,,0,0,0,0,0,1,0,0,0,0,0,0,0,0,0,,0,0,,5,219,5,282,0,5,75,10,322,4,0,
ayana,5-Oct,1,7,3,1,j,cloudy,s,1,m,ms,ms,,,7:08:00 AM,7:28:00 AM,bamboologs ,3:30:00 PM,b,2:10:00 PM,b,no,,,0,,no,,0,29,4,0,0,,,1,528,,,1,141,,0,0,0,0,,0,0,0,0,1,0,0,0,0,1,0,0,0,0,1,,0,0,,2,31,0,0,0,0,0,7,432,4,0,
ayana,5-Oct,2,7,3,1,j,sunny/cloudy,s,1,m,ms,ms,,,1:20:00 PM,1:40:00 PM,bamboologs ,3:30:00 PM,b,2:10:00 PM,b,no,,,0,,no,,2,11,3,2,0,,,1,319,,,0,0,,0,0,0,0,,1,0,1,0,0,0,0,0,0,0,0,0,1,0,0,,0,0,,0,0,0,0,0,1,18,8,629,3,0,
ayana,5-Oct,3,7,3,1,j,cloudy,s,1,m,ms,ms,,,3:28:00 PM,3:48:00 PM,bamboologs ,3:30:00 PM,d,2:10:00 PM,a,no,,,0,,yes,,0,48,5,0,0,,,0,0,,,0,0,,0,0,0,0,,0,0,0,0,0,0,0,2,0,0,0,2,0,0,0,,0,0,2,0,0,6,125,0,1,5,3,458,1,0,
hope ,5-Oct,1,7,3,1,j,sunny/cloudy,s,1,m,ms,ms,,,7:30:00 AM,7:50:00 AM,bamboologs ,3:30:00 PM,b,2:10:00 PM,b,no,,,0,,no,,0,4,3,1,0,,,1,21,,,1,145,,0,0,0,0,,0,0,0,0,0,0,0,0,0,0,0,0,0,0,0,,0,0,,1,4,0,0,0,0,0,3,796,7,0,
hope ,5-Oct,2,7,3,1,j+r,sunny,s,1,m,ms,ms,,,8:50:00 AM,9:10:00 AM,bamboologs ,3:30:00 PM,b,2:10:00 PM,b,no,,,0,,no,,0,3,4,0,0,,,0,0,,,0,0,,0,0,0,0,,0,0,0,0,0,0,0,0,0,0,0,0,0,0,0,,0,0,,0,0,0,0,0,2,68,5,1005,4,0,
hope ,5-Oct,3,7,3,1,j,sunny/cloudy,s,1,m,ms,ms,,,2:46:00 PM,3:06:00 PM,bamboologs ,3:30:00 PM,b,2:10:00 PM,a,no,,,0,,yes,,0,59,9,2,0,,,0,0,,,2,188,,0,0,0,0,,0,0,0,0,0,0,0,0,0,1,0,0,0,0,0,,0,0,,0,0,5,446,0,7,249,2,193,1,0,
stevie,5-Oct,1,7,2,1,j,sunny,s+v,2,m+f,ms,ms,ms+fv,,10:54:00 AM,11:14:00 AM,bamboologs ,3:40:00 PM,b,2:15:00 PM,b,yes,10:55:00 AM,d,0,,,,0,28,3,,0,,,0,0,,,1,3,0,0,1,1,5,,0,0,2,0,0,0,0,16,0,0,1,1,1,2,1,0,0,2,,0,0,0,0,0,0,0,4,317,2,0,
stevie,5-Oct,2,7,2,1,j,sunny,s+v,2,m+f,ms,ms,ms+fv,,11:15:00 AM,11:35:00 AM,bamboologs ,3:40:00 PM,b,2:15:00 PM,b,yes,10:55:00 AM,d,0,,,,0,0,0,,0,,,0,0,,,0,0,0,0,0,0,0,,0,0,0,0,0,1,0,0,0,0,0,0,0,0,0,0,0,0,,0,0,5,271,1,11,413,2,107,2,0,
stevie,5-Oct,3,7,2,1,j,cloudy,s+v,2,m+f,ms,ms,ms+fv,,1:43:00 PM,2:03:00 PM,bamboologs ,3:40:00 PM,b,2:15:00 PM,b,yes,10:55:00 AM,a,0,,,,0,7,1,,0,,,0,0,,,0,0,2,0,0,0,0,,0,0,0,0,0,0,0,0,0,0,0,0,0,0,0,0,0,0,,0,0,0,0,0,0,0,3,1050,14,0,this is an extra focal 
patats,5-Oct,1,7,3,1,j+r,sunny,s+v,2,m+f,ms,ms,ms+fv,,8:26:00 AM,8:46:00 AM,bamboologs ,3:45:00 PM,b,2:16:00 PM,b,yes,10:13:00 AM,b,0,,,b,0,0,0,0,0,0,0,0,0,0,0,0,0,,0,0,0,0,1,0,0,0,0,0,0,0,0,0,0,0,0,0,0,0,,0,0,,0,0,0,0,0,0,0,1,1200,0,0,
patats,5-Oct,2,7,3,1,j,sunny,s+v,2,m+f,ms,ms,ms+fv,,10:12:00 AM,10:32:00 AM,bamboologs ,3:45:00 PM,b,2:16:00 PM,b,yes,10:13:00 AM,d,0,,,b,0,5,0,0,0,0,0,1,130,0,0,0,0,,0,0,0,0,0,0,0,0,0,0,0,0,0,0,0,0,0,0,0,0,,0,0,,0,0,0,0,0,0,0,4,850,12,0,
patats,5-Oct,3,7,3,1,j,sunny,s+v,2,m+f,ms,ms,ms+fv,,10:33:00 AM,10:53:00 AM,bamboologs ,3:45:00 PM,b,2:16:00 PM,b,yes,10:13:00 AM,d,0,,,b,0,0,1,0,0,0,0,0,0,1,5,0,0,,0,0,0,0,0,0,2,0,0,0,2,0,0,0,1,0,0,1,0,0,,0,0,,0,0,0,0,0,2,166,7,485,8,0,
hope ,5-Nov,1,8,4,1,j,sunny,s+s+v+v,4,m+m+f+f,ms,ms,,fv,8:25:00 AM,8:45:00 AM,kongballs,4:10:00 PM,b,11:45:00 AM,b,no,,,0,,no,,0,17,2,0,0,0,0,0,0,0,0,1,329,,0,0,0,0,0,0,0,0,0,0,0,0,0,0,0,1,0,0,0,0,,0,0,,2,14,0,0,0,0,0,8,656,3,0,
hope ,5-Nov,2,8,4,1,j+r,sunny/cloudy,s+s+v+v,4,m+m+f+f,ms,ms,,fv,10:24:00 AM,10:44:00 AM,kongballs,4:10:00 PM,b,11:45:00 AM,b,no,,,0,,no,,0,26,6,1,0,0,0,0,0,0,0,0,0,,0,0,0,0,0,0,0,0,0,0,0,0,0,0,0,0,1,0,1,0,,0,0,,5,387,1,22,0,2,24,8,373,7,0,
hope ,5-Nov,3,8,4,1,j,sunny,s+s+v+v,4,m+m+f+f,ms,ms,,fv,1:10:00 PM,1:30:00 PM,kongballs,4:10:00 PM,b,11:45:00 AM,a,no,,,yes,,yes,,0,24,9,2,0,0,0,0,0,0,0,0,0,,0,0,0,0,0,0,4,0,0,0,3,0,0,0,1,0,1,0,0,0,,0,0,,0,0,2,163,0,3,18,21,901,5,0,
patats,5-Nov,1,8,2,1,j,sunny,s+s,2,m+m ,ms,ms,,,8:50:00 AM,9:10:00 AM,kongballs,4:15:00 PM,b,10:48:00 AM,b,no,,,0,yes,,b,0,0,0,0,0,,,0,0,,,0,0,,0,0,0,0,,0,0,0,0,0,0,0,0,0,0,0,0,0,0,0,,0,0,,0,0,0,0,0,0,0,1,1200,4,0,
patats,5-Nov,2,8,2,1,j,sunny,s+s,2,m+m ,ms,ms,,,1:55:00 PM,2:15:00 PM,kongballs,4:15:00 PM,b,10:48:00 AM,a,no,,,0,yes,,b,0,0,0,0,0,,,0,0,,,1,161,,0,0,0,0,,0,0,0,0,0,0,0,0,0,0,0,0,0,0,0,,0,0,,0,0,0,0,0,2,46,2,894,6,0,
patats,5-Nov,3,8,2,1,j,sunny,s+s,2,m+m ,ms,ms,,,2:16:00 PM,2:36:00 PM,kongballs,4:15:00 PM,b,10:48:00 AM,a,no,,,0,yes,,b,0,133,5,0,0,,,0,0,,,4,580,,0,0,0,0,,0,0,1,0,0,0,0,0,0,0,0,0,0,0,0,,0,0,,1,30,4,95,0,9,152,1,10,0,0,
stevie,5-Nov,1,8,3,1,j,sunny,s+s,2,m+m,ms,ms,,,9:12:00 AM,9:32:00 AM,kongballs,4:18:00 PM,b,10:49:00 AM,b,no,,,0,,,,1,0,0,,0,,,0,0,,,0,0,2,0,1,0,0,,0,0,3,0,0,0,0,0,1,0,4,0,1,0,0,0,0,3,,3,135,1,12,0,2,24,9,604,3,0,
stevie,5-Nov,2,8,3,1,j,sunny,s+s,2,m+m,ms,ms,,,10:01:00 AM,10:21:00 AM,kongballs,4:18:00 PM,b,10:49:00 AM,b,no,,,0,,,,0,11,0,,0,,,0,0,,,0,0,0,0,10,0,0,,0,0,1,0,0,0,0,3,0,1,0,2,0,0,0,0,0,1,,0,0,0,0,0,0,0,2,1009,10,0,
stevie,5-Nov,3,8,3,1,j,sunny/cloudy,s+s,2,m+m,ms,ms,,,1:55:00 PM,2:15:00 PM,kongballs,4:18:00 PM,b,10:49:00 AM,a,no,,,0,,,,0,4,3,,0,,,0,0,,,0,0,0,0,3,0,0,,0,0,0,0,0,0,0,0,0,0,0,0,0,0,0,3,0,0,,0,0,1,11,0,3,66,10,843,7,0,
ayana,5-Nov,1,8,4,1,j,sunny,s+s+v+v,4,m+m+f+f,ms,ms,,fv,9:35:00 AM,9:55:00 AM,kongballs,4:10:00 PM,b,11:46:00 AM,b,no,,,0,,no,,0,9,1,1,0,0,0,0,0,0,0,0,0,,0,0,0,0,0,1,0,0,0,0,0,0,0,0,0,1,0,0,0,0,,0,0,,0,0,0,0,0,0,0,7,1115,5,0,
ayana,5-Nov,2,8,4,1,j,sunny/cloudy,s+s+v+v,4,m+m+f+f,ms,ms,,fv,10:59:00 AM,11:19:00 AM,kongballs,4:10:00 PM,b,11:46:00 AM,b,no,,,yes,,no,,0,0,1,0,0,0,0,2,708,0,0,2,218,,0,0,0,0,0,0,2,0,0,0,0,0,0,0,0,0,0,0,0,0,,0,0,,0,0,0,0,0,1,86,2,34,0,0,
ayana,5-Nov,3,8,4,1,j,sunny,s+s+v+v,4,m+m+f+f,ms,ms,,fv,11:40:00 AM,12:00:00 PM,kongballs,4:10:00 PM,b,11:46:00 AM,d,no,,,0,,yes,,0,35,5,3,0,0,0,0,0,0,0,3,165,,0,0,0,0,0,0,0,0,0,0,0,0,0,0,0,0,0,0,0,0,,0,0,,0,0,3,251,0,3,22,12,375,4,0,
patats,5-Dec,1,9,4,1,j+r,sunny,s+v,2,m+f,ms,ms,,fv,8:05:00 AM,8:25:00 AM,wirecage+kongball,11:38:00 AM,b,9:30:00 AM,b,no,,,0,,,b,0,44,7,0,0,0,0,0,0,0,0,1,28,,0,0,0,0,0,0,0,0,3,0,0,0,0,0,1,0,1,5,1,0,,0,0,,6,165,4,266,0,16,300,3,73,7,0,
patats,5-Dec,2,9,4,1,j,cloudy/windy,s+v,2,m+f,ms,ms,,fv,3:04:00 PM,3:24:00 PM,wirecage+kongball,11:38:00 AM,a,9:30:00 AM,a,no,,,yes,,,b,0,0,0,0,0,1,56,0,0,0,0,0,0,,0,0,0,0,0,0,0,0,0,0,0,0,0,0,0,0,2,6,5,0,,0,0,,0,0,1,121,0,6,46,3,163,5,0,
patats,5-Dec,3,9,4,1,j,cloudy,s+v,2,m+f,ms,ms,,fv,3:28:00 PM,3:48:00 PM,wirecage+kongball,11:38:00 AM,a,9:30:00 AM,a,no,,,yes,,,b,0,1,0,0,0,3,119,0,0,0,0,0,0,,0,0,0,0,0,0,0,0,2,0,0,0,0,0,0,0,0,0,0,0,,0,0,,1,15,0,0,0,0,0,3,413,6,0,
stevie,5-Dec,1,9,4,1,j+r,sunny,s+v,2,m+f,ms,ms,,fv,8:27:00 AM,8:47:00 AM,kongball+coconut,11:38:00 AM,b,9:30:00 AM,b,no,,,0,,,,0,5,1,,0,,,0,0,,,0,0,1,0,0,0,0,,0,0,1,0,0,0,0,0,0,0,5,0,0,0,0,1,0,1,,0,0,1,5,0,0,0,7,1007,2,0,
stevie,5-Dec,2,9,4,1,j,sunny,s+v,2,m+f,ms,ms,,fv,9:32:00 AM,9:52:00 AM,kongball+coconut,11:38:00 AM,b,9:30:00 AM,a,no,,,yes,,,,0,8,0,,0,,,0,0,,,0,0,0,0,0,0,0,,0,1,1,0,0,0,0,0,0,0,0,0,0,0,0,0,0,0,,0,0,0,0,0,5,720,5,339,0,0,
stevie,5-Dec,3,9,4,1,j,sunny,s+v,2,m+f,ms,ms,,fv,11:40:00 AM,12:00:00 PM,kongball+coconut,11:38:00 AM,d,9:30:00 AM,a,no,,,0,,,,0,1,2,,0,,,0,0,,,0,0,1,0,0,2,130,,0,0,1,0,0,0,0,0,0,1,1,2,0,2,0,0,0,0,,1,22,0,0,0,2,41,4,569,2,0,
ayana,5-Dec,1,9,2,1,j,sunny,s+v,2,m+f,ms,ms,ms+fv,,8:49:00 AM,9:09:00 AM,wirecage+kongball,11:30:00 AM,b,9:40:00 AM,b,yes,1:01PM,b,0,,no,,0,6,0,2,0,0,0,0,0,0,0,0,0,,0,0,0,0,0,0,0,0,0,0,0,0,0,0,0,1,0,0,0,0,,0,0,,0,0,0,0,0,0,0,6,797,5,0,
ayana,5-Dec,2,9,2,1,j,sunny/cloudy,s+v,2,m+f,ms,ms,ms+fv,,1:25:00 PM,1:45:00 PM,wirecage+kongball,11:30:00 AM,a,9:40:00 AM,a,yes,1:01PM,d,0,,no,,0,4,5,0,0,0,0,0,0,0,0,0,0,,0,0,0,0,0,0,0,0,0,0,0,0,0,0,0,1,0,0,0,0,,0,0,,0,0,0,0,0,0,0,10,944,7,0,
ayana,5-Dec,3,9,2,1,j,sunny/cloudy,s+v,2,m+f,ms,ms,ms+fv,,1:46:00 PM,2:01:00 PM,wirecage+kongball,11:30:00 AM,a,9:40:00 AM,a,yes,1:01PM,d,0,,no,,0,1,1,1,0,0,0,0,0,0,0,0,0,,0,0,1,46,0,0,0,0,0,0,6,0,0,0,0,0,0,0,0,2,,0,0,,0,0,3,57,3,4,52,4,98,4,0,
hope ,5-Dec,1,9,2,1,j,sunny/cloudy,s+v,2,m+f,ms,ms,ms+fv,,10:45:00 AM,11:05:00 AM,wirecage+kongball,11:30:00 AM,b,9:40:00 AM,a,yes,1:01PM,b,0,,yes,,0,26,7,0,0,0,0,0,0,0,0,2,29,,0,0,0,0,0,0,0,0,0,0,1,0,0,0,1,0,0,0,1,0,,0,0,,6,199,0,0,0,0,0,6,672,8,0,
hope ,5-Dec,2,9,2,1,j,sunny/cloudy,s+v,2,m+f,ms,ms,ms+fv,,1:03:00 PM,1:23:00 PM,wirecage+kongball,11:30:00 AM,a,9:40:00 AM,a,yes,1:01PM,d,0,,no,,0,1,5,1,0,0,0,0,0,0,0,0,0,,0,0,0,0,0,0,1,0,0,0,1,0,0,0,0,1,0,0,1,0,,0,0,,0,0,2,113,0,4,45,8,769,4,0,
hope ,5-Dec,3,9,2,1,j,sunny/cloudy,s+v,2,m+f,ms,ms,ms+fv,,2:05:00 PM,12:25:00 PM,wirecage+kongball,11:30:00 AM,a,9:40:00 AM,a,yes,1:01PM,d,0,,no,,0,13,3,1,0,0,0,0,0,0,0,0,0,,0,0,0,0,0,0,1,0,0,0,0,0,1,0,0,0,7,0,3,1,,0,0,,0,0,7,367,0,11,286,3,119,0,0,
patats,16/05,1,10,3,2,j+r,sunny,s,1,m,ms,ms,,,7:58:00 AM,8:18:00 AM,wirecages,3:52:00 PM,b,1:12:00 PM,b,no,,,0,,,b,0,1,11,0,6,,,0,0,,,0,0,,0,0,0,0,,0,0,1,6,0,0,0,0,0,1,0,0,0,0,0,,0,0,,5,99,0,0,0,1,6,11,684,8,0,
patats,16/05,2,10,3,2,j,sunny,s,1,m,ms,ms,,,11:08:00 AM,11:28:00 AM,wirecages,3:52:00 PM,b,1:12:00 PM,b,no,,,0,,,b,0,2,2,0,0,,,1,3,,,1,72,,0,0,0,0,,1,0,0,0,0,0,0,0,0,1,0,0,0,0,0,,0,0,,0,0,2,147,0,1,26,5,880,6,0,
patats,16/05,3,10,3,2,j,cloudy,s,1,m,ms,ms,,,2:00:00 PM,2:20:00 PM,wirecages,3:52:00 PM,b,1:12:00 PM,a,no,,,0,,,b,0,0,0,0,0,,,0,0,,,0,0,,0,0,0,0,,0,0,0,0,0,0,0,0,0,0,0,0,0,0,0,,0,0,,0,0,5,1017,0,3,155,0,0,6,0,
hope ,16/05,1,10,3,2,j+r,sunny,s,1,m,ms,ms,,,8:20:00 AM,8:40:00 AM,wirecages,3:48:00 PM,b,1:18:00 PM,b,no,,,0,,no,,0,2,0,0,0,,,0,0,,,0,0,,0,0,0,0,,0,0,0,0,0,0,0,0,0,0,0,0,0,0,0,,0,0,,3,33,0,0,0,0,0,7,1064,7,0,
hope ,16/05,2,10,3,2,j,sunny,s,1,m,ms,ms,,,10:45:00 AM,11:05:00 AM,wirecages,3:48:00 PM,b,1:18:00 PM,b,no,,,0,,no,,0,36,4,0,0,,,0,0,,,0,0,,0,0,0,0,,0,0,0,0,0,0,0,0,0,0,0,0,0,0,0,,0,0,,0,0,0,0,0,0,0,2,1074,8,0,
hope ,16/05,3,10,3,2,j,cloudy,s,1,m,ms,ms,,,2:24:00 PM,2:44:00 PM,wirecages,3:48:00 PM,b,1:18:00 PM,a,no,,,0,,yes,,0,35,4,1,0,,,0,0,,,0,0,,0,0,0,0,,0,0,0,1,0,0,0,0,0,0,0,0,0,0,0,,0,0,,1,8,3,144,0,3,142,2,880,5,0,
ayana,16/05,1,10,3,2,j+r,sunny,s,1,m,ms,ms,,,8:43:00 AM,9:03:00 AM,wirecages,3:49:00 PM,b,1:19:00 PM,b,no,,,0,,no,,0,7,2,1,0,,,1,234,,,1,75,,0,0,0,0,,0,0,0,0,0,0,0,0,0,0,0,0,0,0,0,,0,0,,2,26,0,0,0,2,130,9,557,2,0,
ayana,16/05,2,10,3,2,j,sunny,s,1,m,ms,ms,,,10:24:00 AM,10:44:00 AM,wirecages,3:49:00 PM,b,1:19:00 PM,b,no,,,0,,no,,0,39,5,1,0,,,1,5,,,0,0,,0,0,0,0,,0,0,0,0,0,0,0,0,0,0,0,0,0,0,0,,0,0,,0,0,4,178,0,3,28,8,633,7,0,
ayana,16/05,3,10,3,2,j,cloudy,s,1,m,ms,ms,,,3:03:00 PM,3:23:00 PM,wirecages,3:49:00 PM,b,1:19:00 PM,a,no,,,0,,yes,,3,55,4,0,0,,,0,0,,,0,0,,0,0,0,0,,0,0,1,0,0,0,0,0,0,0,0,0,3,3,2,,0,0,,0,0,4,77,1,5,129,17,658,5,0,
stevie,16/05,1,10,4,2,j,sunny,s+v,2,m+f,ms,ms,,fv,9:05:00 AM,9:25:00 AM,kongball,3:56:00 PM,b,1:13:00 PM,b,no,,,0,,,,0,0,0,,0,,,0,0,,,0,0,0,0,0,0,0,,0,0,0,0,0,0,0,0,0,0,0,1,0,0,0,0,0,1,,0,0,0,0,0,1,18,3,1055,1,0,
stevie,16/05,2,10,4,2,j,sunny,s+v,2,m+f,ms,ms,,fv,10:01:00 AM,10:21:00 AM,kongball,3:56:00 PM,b,1:13:00 PM,b,no,,,yes,,,,0,0,0,,0,,,0,0,,,0,0,0,0,0,2,318,,0,1,1,0,0,0,0,0,0,0,0,0,0,0,0,0,0,0,,5,212,0,0,0,0,0,4,621,5,0,
stevie,16/05,3,10,4,2,j,sunny,s+v,2,m+f,ms,ms,,fv,11:30:00 AM,11:50:00 AM,kongball,3:56:00 PM,b,1:13:00 PM,b,no,,,0,,,,0,1,1,,0,,,0,0,,,0,0,4,0,1,0,0,,0,0,0,0,0,0,0,0,1,2,0,0,0,0,0,0,0,2,,0,0,0,0,0,5,88,5,840,6,0,
stevie,17/05,1,11,3,2,j,sunny,s,1,m,ms,ms,,,7:30:00 AM,7:50:00 AM,iceiwithkongball,2:15:00 PM,b,10:13:00 AM,b,no,,,0,,,,0,0,0,,0,,,0,0,,,0,0,0,0,2,0,0,,0,0,0,0,0,0,0,0,0,0,1,0,0,0,0,1,0,0,,2,196,0,0,0,4,85,2,688,4,0,
stevie,17/05,2,11,3,2,j,sunny,s,1,m,ms,ms,,,10:18:00 AM,10:38:00 AM,iceiwithkongball,2:15:00 PM,b,10:13:00 AM,a,no,,,0,,,,0,25,0,,0,,,0,0,,,0,0,0,0,0,0,0,,0,0,0,0,0,0,0,0,0,0,0,0,0,0,1,0,0,0,,0,0,5,500,0,6,689,0,0,0,0,
stevie,17/05,3,11,3,2,j,sunny,s,1,m,ms,ms,,,2:22:00 PM,2:42:00 PM,iceiwithkongball,2:15:00 PM,a,10:13:00 AM,a,no,,,0,,,,0,0,0,,0,,,0,0,,,0,0,0,0,0,2,1169,,0,0,0,0,0,0,0,3,0,0,0,0,0,0,0,0,0,0,,0,0,0,0,0,0,0,0,0,0,0,
hope ,17/05,1,11,2,2,j,sunny,s,1,m,ms,ms,,,7:53:00 AM,8:13:00 AM,iceiwithkongball,2:19:00 PM,b,10:08:00 AM,b,no,,,0,,no,,0,5,0,1,0,,,0,0,,,0,0,,0,0,2,33,,0,0,0,0,0,0,0,0,0,0,0,0,0,0,0,,0,0,,2,98,0,0,0,0,0,7,744,2,0,
hope ,17/05,2,11,2,2,j,sunny,s,1,m,ms,ms,,,8:59:00 AM,9:19:00 AM,iceiwithkongball,2:19:00 PM,b,10:08:00 AM,b,no,,,0,,no,,0,1,1,0,0,,,3,162,,,2,41,,0,0,0,0,,0,0,0,0,0,0,0,0,0,0,0,0,0,1,1,,0,0,3,0,0,0,0,0,1,15,8,823,4,0,
hope ,17/05,3,11,2,2,j,sunny,s,1,m,ms,ms,,,2:47:00 PM,3:07:00 PM,iceiwithkongball,2:19:00 PM,a,10:08:00 AM,a,no,,,0,,yes,,0,21,7,0,0,,,0,0,,,0,0,,0,0,4,254,,2,0,0,0,0,0,0,0,0,0,0,0,0,0,0,,0,0,,1,15,1,110,0,5,174,5,473,4,0,
ayana,17/05,1,11,2,2,j,sunny,s,1,m,ms,ms,,,8:14:00 AM,8:34:00 AM,iceiwithkongball,2:18:00 PM,b,10:09:00 AM,b,no,,,0,,no,,0,4,0,0,0,,,1,399,,,3,167,,0,0,0,0,,0,0,0,0,0,0,0,0,0,0,0,1,0,0,0,,0,0,1,1,99,0,0,0,0,0,9,353,5,0,
ayana,17/05,2,11,2,2,j+r,sunny,s,1,m,ms,ms,,,12:04:00 PM,12:24:00 PM,iceiwithkongball,2:18:00 PM,b,10:09:00 AM,a,no,,,0,,yes,,0,0,0,2,0,,,0,0,,,4,937,,0,0,0,0,,0,0,0,0,0,0,0,0,0,0,0,0,0,0,0,,0,0,,2,34,0,0,0,0,0,3,135,1,0,
ayana,17/05,3,11,2,2,j+r,sunny,s,1,m,ms,ms,,,12:49:00 PM,1:09:00 PM,iceiwithkongball,2:18:00 PM,b,10:09:00 AM,a,no,,,0,,yes,,0,80,5,1,0,,,0,0,,,0,0,,0,0,0,0,,0,0,0,0,0,0,0,0,0,0,0,0,0,0,0,,0,0,,1,14,0,0,0,0,0,11,924,5,0,
patats,17/05,1,11,4,2,j,sunny,s+v,2,m+f,ms,ms,,fv,8:37:00 AM,8:57:00 AM,iceiwithkongball,2:15:00 PM,b,10:13:00 AM,b,no,,,0,yes,,b,0,0,1,0,0,0,0,0,0,0,0,0,0,,0,0,0,0,0,0,0,0,0,0,0,0,0,0,0,0,0,0,0,0,,0,0,,0,0,0,0,0,0,0,2,1181,2,0,
patats,17/05,2,11,4,2,j,sunny,s+v,2,m+f,ms,ms,,fv,10:33:00 AM,10:53:00 AM,iceiwithkongball,2:15:00 PM,b,10:13:00 AM,a,no,,,yes,yes,,b,0,27,4,0,4,4,288,0,0,0,0,1,16,,0,0,0,0,0,0,0,0,0,0,0,0,0,0,0,0,0,0,0,0,,0,0,,2,42,0,0,0,7,301,2,337,12,0,
patats,17/05,3,11,4,2,j+r,sunny,s+v,2,m+f,ms,ms,,fv,12:27:00 PM,12:47:00 PM,iceiwithkongball,2:15:00 PM,b,10:13:00 AM,a,no,,,0,yes,,b,0,0,0,0,0,0,0,0,0,0,0,0,0,,0,0,0,0,0,0,0,0,0,0,0,0,0,0,0,0,0,0,0,0,,0,0,,0,0,0,0,0,0,0,2,1171,8,1,
ayana,18/05,1,12,4,2,j,sunny,s+s+v,3,m+m+f,ms,ms,,fv,8:18:00 AM,8:38:00 AM,bamboolog+wirecage,4:02:00 PM,b,11:17:00 AM,b,no,,,0,,no,,0,0,0,0,0,0,0,2,718,0,0,1,421,,0,0,0,0,0,0,0,0,0,0,0,0,0,0,0,0,0,0,0,0,,0,0,,0,0,0,0,0,0,0,0,0,0,0,
ayana,18/05,2,12,4,2,j+r,sunny,s+s+v,3,m+m+f,ms,ms,,fv,11:26:00 AM,11:46:00 AM,bamboolog+wirecage,4:02:00 PM,b,11:17:00 AM,a,no,,,0,,yes,,0,0,0,1,0,0,0,0,0,0,0,0,0,,0,0,0,0,0,0,0,0,0,0,0,0,0,0,0,0,0,0,0,0,,0,0,,0,0,19,721,1,13,130,1,26,8,0,
ayana,18/05,3,12,4,2,j,sunny,s+s+v,3,m+m+f,ms,ms,,fv,4:28:00 PM,4:48:00 PM,bamboolog+wirecage,4:02:00 PM,a,11:17:00 AM,a,no,,,yes,,yes,,0,51,5,2,0,0,0,0,0,0,0,0,0,,0,0,0,0,0,0,6,0,0,0,0,0,0,0,0,0,2,0,0,0,,0,0,,0,0,5,105,0,11,175,10,124,4,0,
hope ,18/05,1,12,4,2,j,sunny,s+s+v,3,m+m+f,ms,ms,,ms,10:31:00 AM,10:51:00 AM,bamboolog+wirecage,4:01:00 PM,b,11:16:00 AM,b,no,,,yes,,no,,0,22,4,1,0,0,0,0,0,0,0,1,59,,0,0,0,0,0,1,0,0,0,0,0,0,0,0,0,0,0,0,0,0,,0,0,,4,62,0,0,0,0,0,13,521,5,0,
hope ,18/05,2,12,4,2,j,sunny,s+s+v,3,m+m+f,ms,ms,,ms,11:48:00 AM,12:08:00 PM,bamboolog+wirecage,4:01:00 PM,b,11:16:00 AM,b,no,,,0,,yes,,0,32,6,0,0,0,0,0,0,0,0,0,0,,0,0,0,0,0,0,0,0,0,0,0,0,0,0,1,0,2,0,0,3,,0,0,,1,11,6,297,0,5,178,6,574,14,0,
hope ,18/05,3,12,4,2,j,sunny,s+s+v,3,m+m+f,ms,ms,,ms,1:54:00 PM,2:14:00 PM,bamboolog+wirecage,4:01:00 PM,b,11:16:00 AM,a,no,,,0,,yes,,0,7,9,0,0,0,0,0,0,0,0,0,0,,0,0,0,0,0,0,0,0,0,0,0,0,0,0,0,1,5,0,3,2,,0,0,,0,0,3,223,0,3,75,7,742,1,0,
patats,18/05,1,12,2,2,j,sunny,s+v,2,m+f,ms,ms,ms+fv,,7:34:00 AM,7:54:00 AM,bamboolog+wirecage,4:09:00 PM,b,11:21:00 AM,b,yes,1:11:00 PM,b,0,,,b,0,0,0,1,0,0,0,0,0,0,0,0,0,,0,0,0,0,0,0,0,0,2,0,0,0,0,0,1,2,0,0,0,0,,0,0,,8,342,0,0,0,0,0,9,525,7,0,
patats,18/05,2,12,2,2,j,sunny,s+v,2,m+f,ms,ms,ms+fv,,1:09:00 PM,1:29:00 PM,bamboolog+wirecage,4:09:00 PM,b,11:21:00 AM,a,yes,1:11:00 PM,d,0,,,b,0,1,0,0,1,0,0,0,0,0,0,0,0,,0,0,0,0,0,0,0,1,1,0,2,0,0,0,0,0,0,3,0,0,,0,0,,0,0,0,0,0,0,0,4,834,10,0,
patats,18/05,3,12,2,2,j,sunny,s+v,2,m+f,ms,ms,ms+fv,,1:51:00 PM,2:11:00 PM,bamboolog+wirecage,4:09:00 PM,b,11:21:00 AM,a,yes,1:11:00 PM,d,0,,,b,0,1,2,0,1,0,0,0,0,0,0,0,0,,0,0,0,0,1,0,1,0,0,0,2,0,0,0,0,0,0,0,0,0,,0,0,,1,13,0,0,0,0,0,8,1112,8,0,
stevie,18/05,1,12,2,2,j,sunny,s+v,2,m+f,ms,ms,ms+fv,,7:56:00 AM,8:16:00 AM,bamboolog+kongball,4:08:00 PM,b,11:22:00 AM,b,yes,2:07:00 PM,b,0,,,,0,2,1,,0,,,0,0,,,0,0,1,0,1,0,0,,0,0,0,0,0,0,0,0,0,1,2,0,0,0,0,1,0,2,,3,201,0,0,0,4,269,3,416,4,1,
stevie,18/05,2,12,2,2,j,sunny ,s+v,2,m+f,ms,ms,ms+fv,,2:16:00 PM,2:36:00 PM,bamboolog+kongball,4:08:00 PM,b,11:22:00 AM,a,yes,2:07:00 PM,d,0,,,,0,0,1,,0,,,1,7,,,0,0,0,0,7,0,0,,0,0,0,0,0,0,0,0,0,0,0,0,2,2,0,0,0,0,,0,0,0,0,0,6,125,3,227,5,0,
stevie,18/05,3,12,2,2,j,sunny ,s+v,2,m+f,ms,ms,ms+fv,,2:37:00 PM,2:58:00 PM,bamboolog+kongball,4:08:00 PM,b,11:22:00 AM,a,yes,2:07:00 PM,d,0,,,,0,0,0,,0,,,0,0,,,0,0,0,0,3,0,0,,0,0,2,0,1,0,0,0,0,0,0,0,1,0,0,0,0,1,,0,0,0,0,0,1,4,5,326,3,0,
patats,19/05,1,13,2,2,j,sunny,s,1,m,ms,ms,,,7:47:00 AM,8:07:00 AM,kongballs,2:50:00 PM,b,10:17:00 AM,b,no,,,0,yes,,b,0,0,1,0,0,,,0,0,,,0,0,,0,0,1,83,,0,0,0,3,0,0,0,0,0,0,0,0,0,0,0,,0,0,,0,0,1,335,0,3,198,3,480,7,0,
patats,19/05,2,13,2,2,j,sunny,s,1,m,ms,ms,,,9:37:00 AM,9:57:00 AM,kongballs,2:50:00 PM,b,10:17:00 AM,b,no,,,0,yes,,b,0,0,0,0,0,,,0,0,,,0,0,,0,0,0,0,,0,0,0,0,0,0,0,0,0,0,0,0,0,0,0,,0,0,,0,0,0,0,0,0,0,4,1081,0,0,
patats,19/05,3,13,2,2,j,sunny,s,1,m,ms,ms,,,2:21:00 PM,2:41:00 PM,kongballs,2:50:00 PM,b,10:17:00 AM,a,no,,,0,yes,,b,0,44,2,1,0,,,1,26,,,5,187,,1,0,0,0,,0,0,1,0,1,0,0,0,0,0,0,0,15,0,0,,0,1,,2,17,0,0,0,1,23,5,445,6,0,
ayana,19/05,1,13,4,2,j,sunny,s+v+v+v,4,m+f+f+f,ms,ms,ms+fv+fv,fv,9:14:00 AM,9:34:00 AM,kongballs,2:40:00 PM,b,10:21:00 AM,b,yes,1:16PM,b,yes,,no,,0,3,2,0,0,0,0,0,0,0,0,0,0,,0,0,0,0,0,1,1,0,0,0,0,0,0,0,0,1,0,0,0,0,,0,0,,0,0,0,0,0,0,0,7,952,7,0,
ayana,19/05,2,13,4,2,j,sunny,s+v+v+v,4,m+f+f+f,ms,ms,ms+fv+fv,fv,1:15:00 PM,1:35:00 PM,kongballs,2:40:00 PM,b,10:21:00 AM,a,yes,1:16PM,d,0,,no,,0,2,4,1,0,0,0,1,35,0,0,3,112,,0,0,0,0,0,0,0,1,0,0,4,0,0,0,0,0,0,0,0,0,,0,0,,0,0,0,0,0,0,0,15,651,5,0,
ayana,19/05,3,13,4,2,j,sunny,s+v+v+v,4,m+f+f+f,ms,ms,ms+fv+fv,fv,3:33:00 PM,3:53:00 PM,kongballs,2:40:00 PM,a,10:21:00 AM,a,yes,1:16PM,a,0,,no,,0,0,0,0,0,0,0,4,1076,0,0,3,71,,0,0,0,0,0,0,0,0,0,0,0,0,0,0,0,0,0,0,0,0,,0,0,,0,0,0,0,0,0,0,0,0,0,0,
hope ,19/05,1,13,4,2,j,sunny,s+v+v+v,4,m+f+f+f,ms,ms,ms+fv+fv,fv,1:37:00 PM,1:57:00 PM,kongballs,2:41:00 PM,b,10:22:00 AM,a,yes,1:16PM,d,0,,no,,0,0,0,0,0,0,0,2,144,0,0,3,969,,0,0,0,0,0,0,1,0,0,0,0,0,0,0,0,0,0,0,0,0,,0,0,,0,0,0,0,0,0,0,1,36,1,0,
hope ,19/05,2,13,4,2,j,sunny,s+v+v+v,4,m+f+f+f,ms,ms,ms+fv+fv,fv,1:58:00 PM,2:18:00 PM,kongballs,2:41:00 PM,b,10:22:00 AM,a,yes,1:16PM,d,0,,no,,0,0,0,0,0,0,0,1,225,0,0,3,873,,0,0,0,0,0,0,0,0,0,0,0,0,0,0,1,0,0,0,0,0,,0,0,,0,0,0,0,0,0,0,1,28,3,0,
hope ,19/05,3,13,4,2,j,sunny,s+v+v+v,4,m+f+f+f,ms,ms,ms+fv+fv,fv,3:07:00 PM,3:27:00 PM,kongballs,2:41:00 PM,a,10:22:00 AM,a,yes,1:16PM,a,yes,,yes,,3,49,1,0,0,0,0,0,0,0,0,0,0,,0,0,0,0,0,0,1,1,0,0,0,0,0,0,1,0,0,0,1,0,,0,0,,3,21,0,0,0,1,7,15,675,5,0,
stevie,19/05,1,13,2,2,j,sunny,s,1,m,ms,ms,,,8:08:00 AM,8:28:00 AM,kongballs,2:45:00 PM,b,10:17:00 AM,b,no,,,0,,,,0,1,0,,0,,,0,0,,,0,0,0,0,0,1,224,,0,0,0,1,0,0,0,0,0,0,0,0,0,0,1,0,0,1,,0,0,0,0,0,0,0,1,935,4,1,
stevie,19/05,2,13,2,2,j,sunny,s,1,m,ms,ms,,,8:29:00 AM,8:49:00 AM,kongballs,2:45:00 PM,b,10:17:00 AM,b,no,,,0,,,,0,0,0,,0,,,0,0,,,0,0,0,0,0,0,0,,0,0,0,1,0,0,0,0,0,1,5,0,0,0,1,0,0,0,,0,0,0,0,0,0,0,3,1109,3,0,
stevie,19/05,3,13,2,2,j,sunny,s,1,m,ms,ms,,,10:28:00 AM,10:48:00 AM,kongballs,2:45:00 PM,b,10:17:00 AM,a,no,,,0,,,,0,14,0,,0,,,0,0,,,0,0,0,0,0,0,0,,0,0,2,0,0,0,0,1,0,0,0,0,0,2,0,0,0,1,,0,0,3,265,0,5,906,0,0,2,0,
hope ,23/05,1,14,2,3,j,sunny,s+s+v,3,m+m+f,ms,ms,ms+fv,,7:31:00 AM,7:51:00 AM,scatterfeed,3:25:00 PM,b,12:38:00 PM,b,yes,10:00:00 AM,b,0,,no,,0,5,5,1,0,0,0,2,32,0,0,3,375,,0,0,0,0,0,0,0,0,0,0,0,0,0,0,0,0,0,0,0,0,,0,0,,0,0,0,0,0,1,4,3,608,4,0,
hope ,23/05,2,14,2,3,j,sunny,s+s+v,3,m+m+f,ms,ms,ms+fv,,10:08:00 AM,10:28:00 AM,scatterfeed,3:25:00 PM,b,12:38:00 PM,b,yes,10:00:00 AM,d,0,,no,,0,0,1,1,0,0,0,0,0,0,0,1,108,,0,0,0,0,0,0,0,0,0,0,3,0,0,0,0,0,0,0,0,0,,0,0,,0,0,1,41,0,2,88,4,584,2,0,
hope ,23/05,3,14,2,3,j,sunny,s+s+v,3,m+m+f,ms,ms,ms+fv,,1:37:00 PM,1:57:00 PM,scatterfeed,3:25:00 PM,b,12:38:00 PM,a,yes,10:00:00 AM,a,0,,yes,,0,30,7,1,0,0,0,0,0,0,0,0,0,,0,0,0,0,0,0,0,0,0,0,0,0,0,0,0,0,0,0,0,0,,0,0,,1,36,0,0,0,1,15,3,1073,0,0,
ayana,23/05,1,14,2,3,j,sunny,s+s+v,3,m+m+f,ms,ms,ms+fv,,7:52:00 AM,8:12:00 AM,scatterfeed,3:27:00 PM,b,12:39:00 PM,b,yes,10:00:00 AM,b,0,,no,,0,49,8,2,0,0,0,0,0,0,0,0,0,,0,0,0,0,0,0,0,1,1,0,0,0,0,0,0,2,0,0,0,0,,0,0,,0,0,4,159,0,0,0,7,624,1,0,
ayana,23/05,2,14,2,3,j,sunny,s+s+v,3,m+m+f,ms,ms,ms+fv,,10:54:00 AM,11:14:00 AM,scatterfeed,3:27:00 PM,b,12:39:00 PM,b,yes,10:00:00 AM,a,0,,no,,1,31,1,0,0,0,0,1,135,0,0,0,0,,0,0,0,0,0,0,0,0,0,0,0,0,0,0,1,1,0,0,0,0,,0,0,,0,0,0,0,0,1,110,6,713,8,0,
ayana,23/05,3,14,2,3,j,sunny,s+s+v,3,m+m+f,ms,ms,ms+fv,,2:27:00 PM,2:47:00 PM,scatterfeed,3:27:00 PM,b,12:39:00 PM,a,yes,10:00:00 AM,a,0,,yes,,0,34,3,0,0,0,0,0,0,0,0,0,0,,0,0,0,0,0,0,0,0,0,0,0,0,0,0,0,0,0,0,1,0,,0,0,,0,0,0,0,0,0,0,9,837,3,0,
stevie,23/05,1,14,4,3,j,sunny,s+v,2,m+f,ms,ms,,fv,8:15:00 AM,8:35:00 AM,scatterfeed,3:22:00 PM,b,12:42:00 PM,b,no,,,0,,,,1,0,0,,0,,,0,0,,,0,0,0,0,0,0,0,,0,0,2,0,0,0,0,3,0,0,0,1,0,0,0,1,0,0,,0,0,5,323,0,9,347,3,91,1,0,
stevie,23/05,2,14,4,3,j,sunny,s+v,2,m+f,ms,ms,,fv,10:32:00 AM,10:52:00 AM,scatterfeed,3:22:00 PM,b,12:42:00 PM,b,no,,,0,,,,0,17,0,,0,,,5,1017,,,0,0,0,0,0,0,0,,0,0,0,0,0,0,0,0,0,0,0,0,0,0,0,0,0,0,,0,0,0,0,0,0,0,3,81,1,0,
stevie,23/05,3,14,4,3,j,sunny,s+v,2,m+f,ms,ms,,fv,2:01:00 PM,2:21:00 PM,scatterfeed,3:22:00 PM,b,12:42:00 PM,a,no,,,yes,,,,0,33,4,,0,,,0,0,,,0,0,0,0,4,0,0,,0,4,0,0,0,0,0,0,0,1,0,0,0,0,0,0,0,0,,0,0,0,0,0,3,95,3,991,7,0,
patats,23/05,1,14,3,3,j,sunny,s,1,m,ms,ms,,,8:36:00 AM,8:56:00 AM,scatterfeed,3:22:00 PM,b,12:42:00 PM,b,no,,,0,yes,,b,0,53,7,1,0,,,0,0,,,1,449,,0,0,0,0,,0,0,0,0,0,0,0,0,0,0,0,0,1,0,0,,0,0,,0,0,3,189,0,11,237,1,27,4,0,
patats,23/05,2,14,3,3,j,sunny,s,1,m,ms,ms,,,8:58:00 AM,9:18:00 AM,scatterfeed,3:22:00 PM,b,12:42:00 PM,b,no,,,0,yes,,b,0,56,2,0,0,,,0,0,,,2,621,,0,0,0,0,,0,0,0,0,0,0,0,0,0,1,0,0,0,0,0,,0,0,,2,39,0,0,0,1,27,3,407,12,0,
patats,23/05,3,14,3,3,j,sunny,s,1,m,ms,ms,,,2:50:00 PM,3:10:00 PM,scatterfeed,3:22:00 PM,b,12:42:00 PM,a,no,,,0,yes,,b,0,0,0,1,0,,,0,0,,,2,117,,0,0,0,0,,0,0,0,0,0,0,0,0,0,0,0,0,0,0,0,,0,0,,0,0,0,0,0,1,12,6,964,10,0,
ayana,24/05,1,15,3,3,j,sunny,s,1,m,ms,ms,,,7:37:00 AM,7:57:00 AM,kongballs,4:14:00 PM,b,12:18:00 PM,b,no,,,0,,no,,0,0,0,0,0,,,0,0,,,1,52,,0,0,0,0,,0,0,0,0,0,0,0,0,0,0,0,0,0,0,1,,0,0,,0,0,3,267,0,4,202,2,621,5,1,
ayana,24/05,2,15,3,3,j,sunny,s,1,m,ms,ms,,,10:30:00 AM,10:50:00 AM,kongballs,4:14:00 PM,b,12:18:00 PM,b,no,,,0,,no,,1,0,1,0,0,,,0,0,,,0,0,,0,0,0,0,,2,0,0,0,0,0,0,0,0,0,0,0,0,0,0,,0,0,,0,0,0,0,0,0,0,7,981,5,0,
ayana,24/05,3,15,3,3,j+r,sunny,s,1,m,ms,ms,,,10:46:00 AM,11:06:00 AM,kongballs,4:14:00 PM,b,12:18:00 PM,b,no,,,0,,no,,0,2,2,0,0,,,0,0,,,0,0,,0,0,0,0,,0,0,0,0,0,0,0,0,0,0,0,0,0,0,0,,0,0,,0,0,9,586,1,5,229,7,251,4,0,
stevie,24/05,1,15,3,3,j,sunny,s,1,m,ms,ms,,,7:59:00 AM,8:19:00 AM,kongballs,4:28:00 PM,b,12:12:00 PM,b,no,,,0,,,,0,1,1,,0,,,0,0,,,0,0,1,0,0,0,0,,1,0,0,0,0,0,0,0,0,0,0,0,0,0,0,0,0,1,,0,0,0,0,0,3,48,2,988,6,0,
stevie,24/05,2,15,3,3,j+r,sunny,s,1,m,ms,ms,,,11:23:00 AM,11:43:00 AM,kongballs,4:28:00 PM,b,12:12:00 PM,b,no,,,0,,,,0,11,1,,0,,,1,24,,,0,0,1,0,0,0,0,,0,0,0,0,0,0,0,0,0,0,1,0,0,0,1,0,0,0,,0,0,1,164,0,2,262,3,636,3,1,
stevie,24/05,3,15,3,3,j,sunny,s,1,m,ms,ms,,,2:31:00 PM,2:51:00 PM,kongballs,4:28:00 PM,b,12:12:00 PM,a,no,,,0,,,,5,0,3,,0,,,1,5,,,0,0,0,0,8,0,0,,0,0,2,0,0,0,0,0,0,0,1,0,0,1,0,0,0,0,,0,0,0,0,0,1,115,3,949,0,0,
patats,24/05,1,15,4,3,j,sunny,s+v,2,m+f,ms,ms,,fv,8:20:00 AM,8:40:00 AM,touchboard,4:21:00 PM,b,12:12:00 PM,b,no,,,0,yes,,b,0,15,0,3,0,0,0,1,255,0,0,3,396,,0,0,0,0,0,0,0,0,1,0,0,0,0,0,0,0,0,0,0,0,,0,0,,0,0,3,220,0,7,195,0,0,6,0,
patats,24/05,2,15,4,3,j,sunny,s+v,2,m+f,ms,ms,,fv,10:03:00 AM,10:23:00 AM,touchboard,4:21:00 PM,b,12:12:00 PM,b,no,,,yes,yes,,b,0,0,0,0,1,1,791,0,0,1,353,0,0,,0,0,0,0,0,0,1,0,0,0,0,0,0,0,0,0,0,0,0,0,,0,0,,0,0,0,0,0,0,0,1,6,0,0,
patats,24/05,3,15,4,3,j,sunny,s+v,2,m+f,ms,ms,,fv,3:37:00 PM,3:57:00 PM,touchboard,4:21:00 PM,b,12:12:00 PM,a,no,,,0,yes,,b,0,1,0,0,0,0,0,0,0,0,0,0,0,,0,0,0,0,0,0,0,0,2,0,0,0,0,0,1,0,0,0,0,0,,0,0,,0,0,2,583,0,2,387,2,226,3,0,
hope ,24/05,1,15,3,3,j,sunny,s,1,m,ms,ms,,,8:44:00 AM,9:04:00 AM,kongballs,4:15:00 PM,b,12:17:00 PM,b,no,,,0,,no,,0,0,5,3,0,,,0,0,,,0,0,,0,0,0,0,,1,0,0,0,0,0,0,0,0,0,0,0,0,0,0,,0,0,,1,3,0,0,0,0,0,5,804,5,0,
hope ,24/05,2,15,3,3,j+r,sunny,s,1,m,ms,ms,,,11:02:00 AM,11:22:00 AM,kongballs,4:15:00 PM,b,12:17:00 PM,b,no,,,0,,no,,0,0,0,0,0,,,3,175,,,4,931,,0,0,0,0,,0,0,0,0,0,0,0,0,0,0,0,0,0,0,0,,0,0,,0,0,0,0,0,0,0,2,22,0,0,
hope ,24/05,3,15,3,3,j,sunny,s,1,m,ms,ms,,,2:07:00 PM,2:27:00 PM,kongballs,4:15:00 PM,b,12:17:00 PM,a,no,,,0,,yes,,0,38,4,0,0,,,0,0,,,0,0,,0,0,0,0,,0,0,0,0,0,0,0,0,0,0,0,0,0,0,0,,0,0,,2,95,0,0,0,0,0,4,1095,6,0,
stevie,25/05,1,16,3,4,j,sunny,s+s,2,m+m,ms,ms,ms,,7:56:00 AM,8:16:00 AM,coconut,4:14:00 PM,b,12:12:00 PM,b,yes,10:50:00 AM,b,0,,,,0,1,0,,0,,,0,0,,,0,0,0,0,0,0,0,,0,0,0,3,0,0,0,0,0,0,3,0,0,1,0,2,0,1,,2,44,0,0,0,2,97,5,602,7,0,
stevie,25/05,2,16,3,4,j,sunny,s+s,2,m+m,ms,ms,ms,,10:51:00 AM,11:11:00 AM,coconut,4:14:00 PM,b,12:12:00 PM,b,yes,10:50:00 AM,d,0,,,,0,7,0,,0,,,0,0,,,1,5,1,0,2,0,0,,1,4,0,0,0,0,0,0,0,0,0,0,0,0,1,0,0,1,,0,0,0,0,0,1,5,4,523,4,0,
stevie,25/05,3,16,3,4,j,sunny,s+s,2,m+m,ms,ms,ms,,11:12:00 AM,11:32:00 AM,coconut,4:14:00 PM,b,12:12:00 PM,b,yes,10:50:00 AM,d,0,,,,0,5,0,,0,,,0,0,,,0,0,1,0,2,0,0,,0,2,1,0,0,0,0,0,0,1,4,0,0,0,0,1,0,0,,0,0,0,0,0,3,38,3,789,12,0,
patats,25/05,1,16,4,4,j,sunny,s+s+v,3,m+m+f,ms,ms,,fv,9:54:00 AM,10:14:00 AM,wirecages,4:13:00 PM,b,12:12:00 PM,b,yes,9:50:00 AM,d,0,,,b,0,12,0,0,1,1,12,0,0,0,0,2,26,,0,0,0,0,0,0,3,0,0,0,0,0,0,0,0,0,0,0,0,0,,0,0,,0,0,0,0,0,1,17,6,809,6,0,
patats,25/05,2,16,4,4,j,sunny,s+s+v,3,m+m+f,ms,ms,,fv,10:15:00 AM,10:35:00 AM,wirecages,4:13:00 PM,b,12:12:00 PM,b,yes,9:50:00 AM,d,0,,,b,0,0,1,0,0,0,0,0,0,0,0,0,0,,0,0,0,0,0,0,2,1,0,0,0,0,0,0,0,0,0,0,0,0,,0,0,,0,0,0,0,0,0,0,6,1085,9,0,
patats,25/05,3,16,4,4,j,sunny,s+s+v,3,m+m+f,ms,ms,,fv,2:15:00 PM,2:35:00 PM,wirecages,4:13:00 PM,b,12:12:00 PM,a,yes,9:50:00 AM,a,yes,,,b,0,0,1,0,4,4,275,0,0,3,434,0,0,,0,0,0,0,1,0,1,1,0,0,0,0,0,0,0,0,0,0,0,0,,0,0,,0,0,0,0,0,2,17,2,94,6,0,
ayana,25/05,1,16,2,4,j,sunny,s+s,2,m+m,ms,ms,,,8:40:00 AM,9:00:00 AM,wirecages,4:10:00 PM,b,12:09:00 PM,b,no,,,0,,no,,0,0,0,0,0,,,2,500,,,4,687,,0,0,0,0,,0,0,0,0,0,0,0,0,0,0,0,0,0,0,0,,0,0,,0,0,0,0,0,0,0,0,0,0,0,
ayana,25/05,2,16,2,4,j,sunny/windy,s+s,2,m+m,ms,ms,,,1:33:00 PM,1:53:00 PM,wirecages,4:10:00 PM,b,12:09:00 PM,a,no,,,0,,yes,,0,39,4,4,0,,,0,0,,,1,578,,0,0,0,0,,0,0,0,0,0,0,0,0,0,0,0,0,0,0,0,,0,0,,0,0,4,139,0,2,45,4,275,0,0,
ayana,25/05,3,16,2,4,j,sunny,s+s,2,m+m,ms,ms,,,3:00:00 PM,3:20:00 PM,wirecages,4:10:00 PM,b,12:09:00 PM,a,no,,,0,,yes,,0,35,1,0,0,,,0,0,,,0,0,,0,0,0,0,,1,0,0,0,0,0,0,0,0,0,0,0,0,0,0,,0,0,,0,0,18,677,0,20,303,2,47,1,0,
hope ,25/05,1,16,2,4,j,sunny,s+s,2,m+m,ms,ms,,,9:01:00 AM,9:21:00 AM,wirecages,4:10:00 PM,b,12:08:00 PM,b,no,,,0,,no,,0,7,2,1,0,,,1,235,,,2,427,,0,0,0,0,,0,0,0,0,0,0,0,0,0,0,0,0,0,0,0,,0,0,,1,31,0,0,0,1,49,3,182,2,0,
hope ,25/05,2,16,2,4,j,sunny,s+s,2,m+m,ms,ms,,,1:53:00 PM,2:13:00 PM,wirecages,4:10:00 PM,b,12:08:00 PM,a,no,,,0,,yes,,0,30,3,0,0,,,0,0,,,2,7,,0,0,0,0,,0,0,0,0,0,0,0,0,0,0,0,0,0,0,0,,0,0,,1,23,0,0,0,1,100,5,931,5,0,
hope ,25/05,3,16,2,4,j,sunny,s+s,2,m+m,ms,ms,,,2:39:00 PM,2:59:00 PM,wirecages,4:10:00 PM,b,12:08:00 PM,a,no,,,0,,yes,,0,37,4,1,0,,,0,0,,,0,0,,0,0,0,0,,0,0,0,0,0,0,0,0,0,0,1,2,0,2,2,,0,0,,4,134,1,44,0,2,56,7,773,4,0,
stevie,26/05,1,17,4,4,j,sunny,s+v,2,m+f,ms,ms,,fv,7:38:00 AM,7:58:00 AM,kongballs,4:41:00 PM,b,11:31:00 AM,b,no,,,0,,,,0,0,0,,0,,,0,0,,,0,0,0,0,0,0,0,,0,0,2,0,0,0,0,0,0,0,1,0,0,0,0,2,0,0,,0,0,0,0,0,4,84,5,251,7,0,
stevie,26/05,2,17,4,4,j,sunny,s+v,2,m+f,ms,ms,,fv,10:20:00 AM,10:40:00 AM,kongballs,4:41:00 PM,b,11:31:00 AM,b,no,,,0,,,,0,0,0,,0,,,0,0,,,0,0,2,0,0,0,0,,0,0,1,0,0,0,0,0,0,0,0,0,0,0,0,1,0,3,,2,38,0,0,0,2,11,4,1025,6,0,
stevie,26/05,3,17,4,4,j,sunny,s+v,2,m+f,ms,ms,,fv,1:29:00 PM,1:49:00 PM,kongballs,4:41:00 PM,b,11:31:00 AM,a,no,,,yes,,,,0,12,3,,0,,,0,0,,,0,0,1,0,3,0,0,1,0,4,0,0,0,0,0,0,0,0,1,0,0,0,0,1,0,0,,0,0,1,30,0,1,13,7,892,3,11,
hope ,26/05,1,17,4,3,j+r,sunny,s+v,2,m+f,ms,ms,,fv,7:59:00 AM,8:19:00 AM,kongballs,4:27:00 PM,b,11:26:00 AM,b,no,,,0,,no,,0,26,6,0,0,0,0,1,93,0,0,1,411,,0,0,0,0,0,1,0,0,0,0,0,0,0,0,0,0,0,0,0,0,,0,0,,0,0,0,0,0,0,0,3,349,4,0,
hope ,26/05,2,17,4,3,j+r,sunny,s+v,2,m+f,ms,ms,,fv,9:28:00 AM,9:48:00 AM,kongballs,4:27:00 PM,b,11:26:00 AM,b,no,,,0,,no,,0,5,0,0,0,0,0,1,114,0,0,2,643,,0,0,0,0,0,0,0,0,0,0,0,0,0,0,0,0,0,0,0,0,,0,0,,1,8,0,0,0,0,0,6,307,6,0,
hope ,26/05,3,17,4,3,j,sunny/windy,s+v,2,m+f,ms,ms,,fv,12:44:00 PM,1:04:00 PM,kongballs,4:27:00 PM,b,11:26:00 AM,a,no,,,yes,,yes,,0,55,12,1,0,0,0,0,0,0,0,0,0,,0,0,0,0,0,0,1,0,0,0,0,0,0,0,0,0,0,0,2,0,,0,0,,3,79,0,0,0,1,7,15,828,6,0,
patats,26/05,1,17,2,3,j+r,sunny,s,1,m,ms,ms,,,8:22:00 AM,8:42:00 AM,kongballs,4:42:00 PM,b,11:32:00 AM,b,no,,,0,yes,,b,0,0,4,0,0,,,0,0,,,0,0,,0,0,0,0,,0,0,1,3,0,0,0,0,0,0,0,0,0,0,0,,0,0,,3,94,0,0,0,5,65,2,994,4,0,
patats,26/05,2,17,2,3,j,sunny,s,1,m,ms,ms,,,10:42:00 AM,11:02:00 AM,kongballs,4:42:00 PM,b,11:32:00 AM,b,no,,,0,yes,,b,0,0,2,0,0,,,0,0,,,0,0,,0,0,0,0,,0,0,0,0,0,0,0,0,0,0,0,0,0,0,0,,0,0,,0,0,0,0,0,0,0,6,1079,16,0,
patats,26/05,3,17,2,3,j,sunny,s,1,m,ms,ms,,,11:38:00 AM,11:58:00 AM,kongballs,4:42:00 PM,b,11:32:00 AM,a,no,,,0,yes,,b,0,1,0,0,0,,,0,0,,,0,0,,0,0,0,0,,0,0,0,0,0,0,0,0,0,0,0,0,0,0,0,,0,0,,0,0,8,614,0,13,510,0,0,13,0,
ayana,26/05,1,17,4,3,j+r,sunny,s+v,2,m+f,ms,ms,,fv,8:45:00 AM,9:05:00 AM,kongballs,4:28:00 PM,b,11:27:00 AM,b,no,,,0,,no,,0,2,1,0,0,0,0,0,0,0,0,0,0,,0,0,0,0,0,1,0,0,0,0,0,0,0,0,0,0,1,0,0,0,,0,0,,0,0,0,0,0,0,0,8,1008,5,0,
ayana,26/05,2,17,4,3,j+r,sunny,s+v,2,m+f,ms,ms,,fv,9:06:00 AM,9:26:00 AM,kongballs,4:28:00 PM,b,11:27:00 AM,b,no,,,0,,no,,0,3,0,0,0,0,0,0,0,0,0,0,0,,0,0,0,0,0,0,0,0,0,0,0,0,0,0,0,0,0,0,0,0,,0,0,,0,0,3,142,0,2,42,8,568,2,0,
ayana,26/05,3,17,4,3,j,sunny/windy,s+v,2,m+f,ms,ms,,fv,1:07:00 PM,1:27:00 PM,kongballs,4:28:00 PM,b,11:27:00 AM,a,no,,,yes,,yes,,0,35,2,0,0,0,0,0,0,0,0,0,0,,0,0,0,0,0,0,3,0,0,0,1,0,0,0,0,0,0,0,0,1,,0,0,,0,0,4,187,0,1,14,8,825,5,0,
patats,30/05,1,18,3,4,j,sunny,s,1,m,ms,ms,,,7:38:00 AM,7:58:00 AM,none,12:00:00 AM,0,11:20:00 AM,b,no,,,0,,,a,0,0,0,0,0,1,61,0,0,1,300,1,15,,0,0,0,0,0,0,0,0,0,0,0,0,0,0,0,1,0,0,0,0,,0,0,,2,34,8,407,0,3,39,10,618,6,0,
patats,30/05,2,18,3,4,j,sunny,s,1,m,ms,ms,,,10:05:00 AM,10:25:00 AM,none,12:00:00 AM,0,11:20:00 AM,b,no,,,0,,,a,0,0,0,0,0,,,0,0,,,0,0,,0,0,0,0,,0,0,0,0,0,0,0,0,0,1,0,0,0,0,0,,0,0,,0,0,0,0,0,4,91,3,946,8,0,
patats,30/05,3,18,3,4,j+r,cloudy ,s,1,m,ms,ms,,,2:55:00 PM,3:15:00 PM,none,12:00:00 AM,0,11:20:00 AM,a,no,,,0,,,a,0,18,8,0,0,,,0,0,,,0,0,,0,0,0,0,,0,0,0,2,0,0,0,0,0,1,0,0,0,0,0,,0,0,,9,315,0,0,0,1,7,14,587,12,0,
hope ,30/05,1,18,3,4,j,sunny,s,1,m,ms,ms,,,8:02:00 AM,8:22:00 AM,none,12:00:00 AM,0,2:03:00 PM,b,no,,,0,,yes,,0,44,5,0,0,,,0,0,,,0,0,,0,0,2,97,,0,0,0,0,0,0,0,0,2,0,1,0,0,2,1,,0,0,,2,37,0,0,0,2,152,8,644,3,0,
hope ,30/05,2,18,3,4,j+r,sunny,s,1,m,ms,ms,,,11:30:00 AM,11:50:00 AM,none,12:00:00 AM,0,2:03:00 PM,b,no,,,0,,no,,0,30,5,2,0,,,0,0,,,0,0,,0,0,0,0,,0,0,0,0,0,0,2,0,0,0,0,0,0,0,1,,0,0,,0,0,0,0,0,0,0,8,679,3,0,
hope ,30/05,3,18,3,4,j,sunny,s,1,m,ms,ms,,,3:18:00 PM,3:38:00 PM,none,12:00:00 AM,0,2:03:00 PM,a,no,,,0,,yes,,0,63,6,1,0,,,0,0,,,0,0,,0,0,0,0,,1,0,0,0,0,0,0,0,0,0,0,0,0,0,0,,0,0,,0,0,0,0,0,0,0,6,1093,4,0,
stevie,30/05,1,18,2,3,j,sunny,s,1,m,ms,ms,,,8:30:00 AM,8:50:00 AM,none,12:00:00 AM,0,11:18:00 AM,b,no,,,0,,,,0,0,0,,0,,,0,0,,,0,0,0,0,0,0,0,,0,0,0,0,0,0,0,0,0,0,3,0,0,0,0,0,0,0,,10,387,0,0,0,2,73,12,640,9,0,
stevie,30/05,2,18,2,3,j,sunny,s,1,m,ms,ms,,,9:44:00 AM,10:04:00 AM,none,12:00:00 AM,0,11:18:00 AM,b,no,,,0,,,,0,0,0,,0,,,1,1117,,,0,0,0,0,0,0,0,,0,0,0,0,0,0,0,0,0,0,1,0,0,0,0,1,0,0,,0,0,0,0,0,0,0,1,4,0,0,
stevie,30/05,3,18,2,3,j+r,sunny+cloudy,s,1,m,ms,ms,,,2:32:00 PM,2:52:00 PM,none,12:00:00 AM,0,11:18:00 AM,a,no,,,0,,,,0,0,0,,0,,,0,0,,,0,0,0,0,0,0,0,,0,0,0,0,0,0,0,0,0,0,0,0,0,0,0,0,0,2,,2,53,1,91,0,3,250,4,662,6,0,
ayana,30/05,1,18,3,4,j,sunny,s,1,m,ms,ms,,,8:52:00 AM,9:12:00 AM,none,12:00:00 AM,0,2:07:00 PM,b,no,,,0,,no,,0,0,0,0,0,,,1,902,,,2,293,,0,0,0,0,,0,0,0,0,0,0,0,0,0,0,0,0,0,0,0,,0,0,,0,0,0,0,0,0,0,0,0,0,0,
ayana,30/05,2,18,3,4,j+r,sunny,s,1,m,ms,ms,,,11:51:00 AM,12:11:00 PM,none,12:00:00 AM,0,2:07:00 PM,b,no,,,0,,no,,0,0,0,0,0,,,0,0,,,0,0,,0,0,0,0,,0,0,0,0,0,0,0,0,0,0,0,0,0,0,0,,0,0,,0,0,10,489,0,4,76,8,431,2,0,
ayana,30/05,3,18,3,4,j+r,sunny/cloudy,s,1,m,ms,ms,,,2:10:00 PM,2:30:00 PM,none,12:00:00 AM,0,2:07:00 PM,a,no,,,0,,yes,,0,0,0,2,0,,,0,0,,,0,0,,0,0,0,0,,0,0,0,0,0,0,1,0,0,0,0,0,0,0,0,,0,0,,0,0,22,990,0,9,65,0,0,2,0,
stevie,31/05,1,19,3,5,j+r,sunny,s+s,2,m+m,ms,ms,,,8:26:00 AM,8:46:00 AM,scatterfeed+frozenfood,1:16:00 PM,b,11:11:00 AM,b,no,,,0,,,,0,18,0,,0,,,0,0,,,0,0,0,0,0,0,0,,0,0,0,0,0,0,0,0,0,0,4,0,0,0,0,0,0,1,,4,164,0,0,0,0,0,5,969,8,0,
stevie,31/05,2,19,3,5,j+r,sunny,s+s,2,m+m,ms,ms,,,11:16:00 AM,11:36:00 AM,scatterfeed+frozenfood,1:16:00 PM,b,11:11:00 AM,a,no,,,0,,,,2,15,0,,0,,,0,0,,,0,0,0,0,0,0,0,,0,0,0,1,0,0,0,0,0,0,0,0,0,0,0,0,0,0,,0,0,4,122,0,4,999,0,0,1,0,
stevie,31/05,3,19,3,5,j,sunny,s+s,2,m+m,ms,ms,,,1:45:00 PM,2:05:00 PM,scatterfeed+frozenfood,1:16:00 PM,a,11:11:00 AM,a,no,,,0,,,,0,5,1,,0,,,1,17,,,0,0,0,0,0,0,0,,2,0,1,0,0,0,0,0,0,0,0,0,0,0,0,0,0,0,,0,0,1,102,0,5,730,2,175,3,2,
patats,31/05,1,19,3,5,j+r,sunny,s+s,2,m+m,ms,ms,,,8:05:00 AM,8:25:00 AM,scatterfeed+frozenfood,1:17:00 PM,b,11:12:00 AM,b,no,,,0,,,a,0,2,4,0,3,,,0,0,,,0,0,,0,0,0,0,,0,0,0,9,0,0,0,0,0,0,0,0,0,0,0,,0,0,,1,4,5,353,0,11,336,3,154,14,0,
patats,31/05,2,19,3,5,j+r,sunny,s+s,2,m+m,ms,ms,,,11:35:00 AM,11:55:00 AM,scatterfeed+frozenfood,1:17:00 PM,b,11:12:00 AM,b,no,,,0,,,a,0,35,0,0,0,,,0,0,,,0,0,,0,0,0,0,,0,0,0,4,0,0,0,1,0,1,0,1,0,0,0,,0,0,,0,0,5,498,0,9,530,0,0,5,0,
patats,31/05,3,19,3,5,j,sunny,s+s,2,m+m,ms,ms,,,2:06:00 PM,2:26:00 PM,scatterfeed+frozenfood,1:17:00 PM,a,11:12:00 AM,a,no,,,0,,,a,0,2,0,0,0,,,0,0,,,0,0,,0,0,0,0,,0,0,0,0,0,0,0,0,0,1,0,0,0,0,0,,0,0,,0,0,3,349,0,1,843,0,0,8,0,
hope ,31/05,1,19,4,4,j,sunny,s+s+v,3,m+m+f,ms,ms,,fv,9:10:00 AM,9:30:00 AM,scatterfeed+frozenfood,1:11:00 PM,b,11:07:00 AM,b,no,,,yes,,no,,0,10,3,0,0,0,0,1,11,0,0,0,0,,0,0,0,0,0,1,0,0,0,0,0,0,0,0,1,0,0,0,0,0,,0,0,,0,0,0,0,0,1,4,5,633,3,0,
hope ,31/05,2,19,4,4,j,sunny,s+s+v,3,m+m+f,ms,ms,,fv,10:33:00 AM,10:53:00 AM,scatterfeed+frozenfood,1:11:00 PM,b,11:07:00 AM,b,no,,,0,,no,,0,29,8,3,0,0,0,0,0,0,0,0,0,,0,0,0,0,0,0,0,0,0,0,0,0,0,0,0,0,1,0,0,0,,0,0,,1,5,0,0,0,0,0,12,600,4,1,
hope ,31/05,3,19,4,4,j,sunny,s+s+v,3,m+m+f,ms,ms,,fv,1:22:00 PM,1:42:00 PM,scatterfeed+frozenfood,1:11:00 PM,a,11:07:00 AM,a,no,,,0,,yes,,0,18,3,0,0,0,0,0,0,0,0,0,0,,0,0,0,0,0,0,0,0,0,0,0,0,0,0,0,0,0,0,0,0,,0,0,,0,0,5,759,0,3,82,2,270,1,0,
ayana,31/05,1,19,4,4,j+r,sunny,s+s+v,3,m+m+f,ms,ms,,fv,8:49:00 AM,9:09:00 AM,scatterfeed+frozenfood,1:12:00 PM,b,11:08:00 AM,b,no,,,yes,,no,,0,0,0,0,0,0,0,1,633,0,0,1,551,,0,0,0,0,0,0,0,0,0,0,0,0,0,0,0,0,0,0,0,0,,0,0,,0,0,0,0,0,0,0,0,0,0,0,
ayana,31/05,2,19,4,4,j,sunny,s+s+v,3,m+m+f,ms,ms,,fv,9:31:00 AM,9:51:00 AM,scatterfeed+frozenfood,1:12:00 PM,b,11:08:00 AM,b,no,,,0,,no,,0,0,1,0,0,0,0,0,0,0,0,0,0,,0,0,1,17,0,0,0,0,0,0,0,0,0,0,0,1,0,0,0,0,,0,0,,0,0,6,536,0,5,101,5,443,2,0,
ayana,31/05,3,19,4,4,j,sunny/windy,s+s+v,3,m+m+f,ms,ms,,fv,2:28:00 PM,2:48:00 PM,scatterfeed+frozenfood,1:12:00 PM,a,11:08:00 AM,a,no,,,0,,yes,,0,90,5,3,0,0,0,0,0,0,0,2,216,,0,0,0,0,0,0,0,0,0,0,0,0,0,0,0,0,0,0,0,0,,0,0,,0,0,8,276,0,9,147,8,386,3,0,
patats,6-Jan,1,20,4,5,j,sunny,s+v+v,3,m+f+f ,ms,ms,ms+fv,fv,11:36:00 AM,11:56:00 AM,bamboologs,4:00:00 PM,b,11:06:00 AM,a,yes,1:19:00 PM,b,yes,,,a,0,0,0,0,4,4,460,0,0,1,132,0,0,,0,0,0,0,1,0,3,0,0,0,0,0,0,0,0,0,0,0,0,0,,0,0,,0,0,1,420,0,2,81,0,0,9,0,
patats,6-Jan,2,20,4,5,j,sunny,s+v+v,3,m+f+f ,ms,ms,ms+fv,fv,1:18:00 PM,1:38:00 PM,bamboologs,4:00:00 PM,b,11:06:00 AM,a,yes,1:19:00 PM,d,0,,,a,0,6,1,2,1,1,3,0,0,0,0,0,0,,0,0,0,0,1,0,2,0,0,0,2,0,0,0,0,0,0,0,0,0,,0,0,,0,0,0,0,0,1,50,7,619,14,0,
patats,6-Jan,3,20,4,5,j,sunny,s+v+v,3,m+f+f ,ms,ms,ms+fv,fv,1:39:00 PM,1:59:00 PM,bamboologs,4:00:00 PM,b,11:06:00 AM,a,yes,1:19:00 PM,d,0,,,a,0,36,1,1,0,0,0,0,0,0,0,1,76,,0,0,0,0,0,0,2,0,0,0,1,0,0,0,1,0,0,0,0,0,,0,0,,1,43,0,0,0,1,15,4,860,5,0,
ayana,6-Jan,1,20,2,5,j,sunny,s,1,m,ms,ms,,,8:35:00 AM,8:55:00 AM,bamboologs,4:04:00 PM,b,11:10:00 AM,b,no,,,0,,no,,0,2,0,0,0,,,2,158,,,1,437,,0,0,0,0,,0,0,0,0,0,0,0,0,0,0,0,0,0,0,0,,0,0,,0,0,2,51,0,4,172,2,241,5,1,
ayana,6-Jan,2,20,2,5,j+r,sunny,s,1,m,ms,ms,,,9:50:00 AM,10:10:00 AM,bamboologs,4:04:00 PM,b,11:10:00 AM,b,no,,,0,,no,,0,12,1,0,0,,,0,0,,,0,0,,0,0,0,0,,0,0,0,0,0,0,0,0,0,0,0,0,0,0,0,,0,0,,0,0,0,0,0,0,0,8,880,6,0,
ayana,6-Jan,3,20,2,5,j+r,sunny,s,1,m,ms,ms,,,10:32:00 AM,10:52:00 AM,bamboologs,4:04:00 PM,b,11:10:00 AM,b,no,,,0,,no,,0,23,0,0,0,,,0,0,,,0,0,,0,0,0,0,,0,0,0,1,0,0,0,0,0,0,0,0,0,0,0,,0,0,,0,0,0,0,0,0,0,7,974,1,0,
stevie,6-Jan,1,20,2,4,j,sunny,s+s+v,3,m+m+f,ms,ms,ms+fv,,8:58:00 AM,9:18:00 AM,bamboolog+coconut,4:00:00 PM,b,11:06:00 AM,b,yes,2:00:00 PM,b,0,,,,0,2,0,,0,,,0,0,,,0,0,0,0,1,0,0,,0,0,0,0,0,0,0,0,0,0,1,0,0,0,0,0,0,0,,4,94,0,0,0,0,0,5,1105,3,0,
stevie,6-Jan,2,20,2,4,j,sunny,s+s+v,3,m+m+f,ms,ms,ms+fv,,2:00:00 PM,2:20:00 PM,bamboolog+coconut,4:00:00 PM,b,11:06:00 AM,a,yes,2:00:00 PM,d,0,,,,0,4,0,,0,,,0,0,,,0,0,0,0,1,0,0,,0,2,0,0,0,1,0,0,0,0,0,0,2,0,0,0,0,0,,3,67,0,0,0,0,0,10,750,9,0,
stevie,6-Jan,3,20,2,4,j,sunny,s+s+v,3,m+m+f,ms,ms,ms+fv,,2:25:00 PM,2:45:00 PM,bamboolog+coconut,4:00:00 PM,b,11:06:00 AM,a,yes,2:00:00 PM,d,0,,,,0,4,0,,0,,,0,0,,,0,0,1,0,0,0,0,,0,1,0,0,0,0,0,0,0,1,0,0,0,0,0,0,0,0,,0,0,2,163,0,5,151,4,308,4,0,
hope ,6-Jan,1,20,2,5,j,sunny,s,1,m,ms,ms,,,9:19:00 AM,9:39:00 AM,bamboologs,4:02:00 PM,b,11:09:00 AM,b,no,,,0,,no,,0,17,0,0,0,,,3,455,,,5,606,,0,0,0,0,,0,0,0,0,0,0,0,0,0,0,0,0,0,0,0,,0,0,,0,0,0,0,0,1,11,3,32,2,0,
hope ,6-Jan,2,20,2,5,j+r,sunny,s,1,m,ms,ms,,,10:10:00 AM,10:30:00 AM,bamboologs,4:02:00 PM,b,11:09:00 AM,b,no,,,0,,no,,0,16,4,1,0,,,1,5,,,0,0,,0,0,0,0,,0,0,0,0,0,0,0,0,0,0,0,1,0,0,0,,0,0,,0,0,0,0,0,0,0,8,982,5,0,
hope ,6-Jan,3,20,2,5,j,sunny,s,1,m,ms,ms,,,2:47:00 PM,3:07:00 PM,bamboologs,4:02:00 PM,b,11:09:00 AM,a,no,,,0,,no,,0,30,3,1,0,,,0,0,,,0,0,,0,0,0,0,,0,0,0,0,0,0,0,0,0,0,0,0,0,2,0,,1,0,1,0,0,0,0,0,0,0,9,504,1,0,
stevie,6-Feb,1,21,4,5,j,sunny,s+v,2,m+f,ms,ms,,fv,7:49:00 AM,8:09:00 AM,kongballs,4:00:00 PM,b,9:16:00 AM,b,no,,,0,,,,0,0,1,,0,,,0,0,,,0,0,0,0,6,0,0,,0,0,0,1,1,0,0,0,0,0,0,0,0,1,0,0,0,0,,1,18,0,0,0,3,68,7,543,3,0,
stevie,6-Feb,2,21,4,5,j,sunny,s+v,2,m+f,ms,ms,,fv,9:52:00 AM,10:12:00 AM,kongballs,4:00:00 PM,b,9:16:00 AM,a,no,,,0,,,,0,0,0,,0,,,0,0,,,0,0,0,0,0,0,0,,0,0,0,0,0,0,0,0,0,1,3,0,0,0,0,0,0,0,,0,0,0,0,0,1,337,2,855,8,0,
stevie,6-Feb,3,21,4,5,j,sunny,s+v,2,m+f,ms,ms,,fv,11:08:00 AM,11:28:00 AM,kongballs,4:00:00 PM,b,9:16:00 AM,a,no,,,yes,,,,0,16,1,,0,,,9,615,,,0,0,0,0,0,0,0,,0,1,0,0,0,0,0,0,0,0,0,0,0,0,0,0,0,0,,0,0,0,0,0,2,331,3,133,2,0,
hope ,6-Feb,1,21,3,5,j,sunny,s+v,2,m+f,ms,ms,ms+fv,,7:27:00 AM,7:47:00 AM,kongballs,4:06:00 PM,b,9:20:00 AM,b,yes,1:05:00 PM,b,0,,no,,0,21,3,0,0,0,0,0,0,0,0,0,0,,0,0,0,0,0,0,0,0,0,0,0,0,0,0,0,0,0,0,0,0,,0,0,,2,51,0,0,0,0,0,5,848,11,0,
hope ,6-Feb,2,21,3,5,j+r,sunny,s+v,2,m+f,ms,ms,ms+fv,,1:24:00 PM,1:44:00 PM,kongballs,4:06:00 PM,b,9:20:00 AM,a,yes,1:05:00 PM,d,0,,no,,0,11,3,0,0,0,0,3,111,0,0,2,418,,0,0,0,0,0,1,0,0,0,0,0,0,0,0,0,0,0,0,0,0,,0,0,,0,0,0,0,0,0,0,7,368,2,0,
hope ,6-Feb,3,21,3,5,j+r,sunny,s+v,2,m+f,ms,ms,ms+fv,,1:45:00 PM,2:05:00 PM,kongballs,4:06:00 PM,b,9:20:00 AM,a,yes,1:05:00 PM,a,0,,no,,0,0,3,3,0,0,0,1,106,0,0,2,493,,0,0,0,0,0,1,0,0,0,0,0,0,0,0,0,0,0,0,0,0,,0,0,,0,0,0,0,0,1,6,3,322,4,0,
patats,6-Feb,1,21,2,4,j,sunny,s,1,m,ms,ms,,,9:28:00 AM,9:48:00 AM,kongballs,4:10:00 PM,b,9:13:00 AM,a,no,,,0,,,a,0,76,1,0,0,,,0,0,,,1,293,,0,0,0,0,,0,0,0,1,0,0,0,0,0,1,0,0,0,0,0,,0,0,,0,0,6,533,0,5,319,9,0,0,0,
patats,6-Feb,2,21,2,4,j,sunny,s,1,m,ms,ms,,,11:33:00 AM,11:53:00 AM,kongballs,4:10:00 PM,b,9:13:00 AM,a,no,,,0,,,a,0,0,0,0,0,,,0,0,,,0,0,,0,0,0,0,,0,0,0,0,0,0,0,0,0,0,0,0,0,0,0,,0,0,,0,0,0,0,0,1,6,5,1040,7,0,
patats,6-Feb,3,21,2,4,j,sunny,s,1,m,ms,ms,,,2:07:00 PM,2:27:00 PM,kongballs,4:10:00 PM,b,9:13:00 AM,a,no,,,0,,,a,0,1,1,0,0,,,0,0,,,1,195,,0,0,0,0,,0,0,0,0,0,0,0,0,0,0,0,0,0,0,0,,0,0,,0,0,0,0,0,0,0,3,862,8,0,
ayana,6-Feb,1,21,3,5,j,sunny,s+v,2,m+f,ms,ms,ms+fv,,8:12:00 AM,8:38:00 AM,kongballs,4:07:00 PM,b,9:24:00 AM,b,yes,1:05:00 PM,b,0,,no,,0,24,4,1,0,0,0,2,139,0,0,6,291,,0,0,0,0,0,0,0,0,0,0,0,0,0,0,0,0,0,0,0,0,,0,0,,2,25,1,25,0,4,41,10,481,4,0,
ayana,6-Feb,2,21,3,5,j+r,sunny,s+v,2,m+f,ms,ms,ms+fv,,1:04:00 PM,1:24:00 PM,kongballs,4:07:00 PM,b,9:24:00 AM,a,yes,1:05:00 PM,d,0,,no,,0,1,0,0,0,0,0,1,37,0,0,0,0,,0,0,0,0,0,0,1,0,0,0,4,0,0,0,0,0,0,0,0,0,,0,0,,0,0,12,505,0,9,139,4,95,0,0,
ayana,6-Feb,3,21,3,5,j,sunny,s+v,2,m+f,ms,ms,ms+fv,,2:29:00 PM,2:49:00 PM,kongballs,4:07:00 PM,b,9:24:00 AM,a,yes,1:05:00 PM,a,0,,no,,0,0,0,0,0,0,0,3,460,0,0,2,690,,0,0,0,0,0,0,0,0,0,0,0,0,0,0,0,0,0,0,0,0,,0,0,,0,0,0,0,0,0,0,2,28,0,0,
hope ,6-Aug,1,22,2,6,j+r,sunny,s+s,2,m+m,ms,ms,,,7:58:00 AM,8:18:00 AM,scatterfeed+papball,1:08:00 PM,b,1:40:00 PM,b,no,,,0,,no,,0,21,5,2,0,,,0,0,,,2,317,,0,0,0,0,,1,0,0,0,0,0,0,0,0,0,0,0,0,0,0,,0,0,,3,75,1,41,0,1,4,7,325,4,0,
hope ,6-Aug,2,22,2,6,j,sunny,s+s,2,m+m,ms,ms,,,10:38:00 AM,10:58:00 AM,scatterfeed+papball,1:08:00 PM,b,1:40:00 PM,b,no,,,0,,no,,0,0,0,0,0,,,3,309,,,0,0,,0,0,0,0,,0,0,0,0,0,0,0,0,0,0,0,0,0,0,0,,0,0,,0,0,0,0,0,0,0,0,0,0,0,
hope ,6-Aug,3,22,2,6,j,sunny,s+s,2,m+m,ms,ms,,,3:52:00 PM,4:12:00 PM,scatterfeed+papball,1:08:00 PM,a,1:40:00 PM,a,no,,,0,,no,,0,43,7,0,0,,,0,0,,,0,0,,0,0,0,0,,1,0,0,0,0,0,0,0,0,0,0,1,0,0,0,,0,0,,1,23,0,0,0,0,0,3,989,5,0,
ayana,6-Aug,1,22,2,6,j+r,sunny,s+s,2,m+m,ms,ms,,,8:19:00 AM,8:39:00 AM,scatterfeed+papball,1:09:00 PM,b,1:41:00 PM,b,no,,,0,,no,,0,0,0,0,0,,,3,1145,,,1,8,,0,0,0,0,,0,0,0,0,0,0,0,0,0,0,0,0,0,0,0,,0,0,,0,0,0,0,0,0,0,1,19,1,0,
ayana,6-Aug,2,22,2,6,j,sunny,s+s,2,m+m,ms,ms,,,10:59:00 AM,11:19:00 AM,scatterfeed+papball,1:09:00 PM,b,1:41:00 PM,a,no,,,0,,no,,0,2,1,0,0,,,1,134,,,3,76,,0,0,0,0,,0,0,0,0,0,0,0,0,0,0,1,0,0,0,0,,0,0,,2,20,0,0,0,0,0,9,705,8,0,
ayana,6-Aug,3,22,2,6,j,sunny/windy,s+s,2,m+m,ms,ms,,,3:08:00 PM,3:28:00 PM,scatterfeed+papball,1:09:00 PM,a,1:41:00 PM,a,no,,,0,,yes,,0,20,6,6,0,,,0,0,,,0,0,,0,0,0,0,,1,0,1,0,0,0,0,0,0,0,0,0,0,0,1,,0,0,,1,7,5,101,0,2,26,20,749,3,0,
patats,6-Aug,1,22,2,5,j+r,sunny,s+s,2,m+m,ms,ms,,,8:42:00 AM,9:02:00 AM,scatterfeed+papball,1:12:00 PM,b,1:37:00 PM,b,no,,,0,,,a,0,2,4,0,0,,,0,0,,,0,0,,0,0,0,0,,0,0,0,1,0,0,0,0,0,0,0,0,0,0,0,,0,0,,0,0,0,0,0,3,63,1,1089,1,0,
patats,6-Aug,2,22,2,5,j,sunny,s+s,2,m+m,ms,ms,,,1:51:00 PM,2:11:00 PM,scatterfeed+papball,1:12:00 PM,a,1:37:00 PM,b,no,,,0,,,a,0,0,0,0,0,,,0,0,,,0,0,,0,0,0,0,,0,0,0,0,0,0,0,0,0,0,0,0,0,0,0,,0,0,,0,0,3,472,0,3,713,0,0,12,0,
patats,6-Aug,3,22,2,5,j,sunny/windy,s+s,2,m+m,ms,ms,,,3:30:00 PM,3:50:00 PM,scatterfeed+papball,1:12:00 PM,a,1:37:00 PM,a,no,,,0,,,a,0,2,0,0,1,,,0,0,,,0,0,,0,0,0,0,,0,0,1,1,0,0,0,0,0,1,0,0,0,0,0,,0,0,,0,0,1,56,0,2,68,2,1007,7,0,
stevie,6-Aug,1,22,3,6,j,sunny,s+s,2,m+m,ms,ms,,,9:03:00 AM,9:23:00 AM,scatterfeed+papball,1:12:00 PM,b,1:37:00 PM,b,no,,,0,,,,0,0,0,,0,,,0,0,,,0,0,0,0,0,0,0,,0,0,0,0,0,0,0,0,0,0,0,0,0,0,0,0,0,0,,0,0,0,0,0,0,0,2,1195,1,0,
stevie,6-Aug,2,22,3,6,j,sunny,s+s,2,m+m,ms,ms,,,11:21:00 AM,11:41:00 AM,scatterfeed+papball,1:12:00 PM,b,1:37:00 PM,b,no,,,0,,,,0,0,0,,0,,,0,0,,,0,0,2,0,0,0,0,,0,0,3,0,0,0,0,0,0,1,0,0,1,0,0,2,0,1,,9,271,0,0,0,0,0,12,805,8,0,
stevie,6-Aug,3,22,3,6,j,sunny,s+s,2,m+m,ms,ms,,,2:12:00 PM,2:32:00 PM,scatterfeed+papball,1:12:00 PM,a,1:37:00 PM,a,no,,,0,,,,0,4,0,,0,,,1,6,,,0,0,0,0,0,0,0,,0,0,0,0,0,0,0,0,0,0,0,0,0,0,0,0,0,0,,0,0,0,0,0,2,1192,0,0,0,0,
hope ,6-Sep,1,23,3,6,j+r,cloudy/windy,s+s,2,m+m,ms,ms,,,7:51:00 AM,8:11:00 AM,kongballs,12:17:00 PM,b,3:03:00 PM,b,no,,,0,,no,,0,0,1,0,0,,,1,298,,,1,508,,0,0,0,0,,0,0,0,0,0,0,0,0,0,0,2,0,0,0,0,,0,0,,1,19,0,0,0,0,0,2,318,2,0,
hope ,6-Sep,2,23,3,6,j,sunny/windy/cloudy,s+s,2,m+m,ms,ms,,,11:38:00 AM,11:58:00 AM,kongballs,12:17:00 PM,b,3:03:00 PM,b,no,,,0,,no,,0,6,2,0,0,,,2,141,,,2,497,,0,0,0,0,,0,0,0,0,0,0,0,0,0,0,0,1,0,0,0,,0,0,,0,0,2,122,0,3,124,1,17,0,0,
hope ,6-Sep,3,23,3,6,j,cloudy/windy,s+s,2,m+m,ms,ms,,,3:08:00 PM,3:28:00 PM,kongballs,12:17:00 PM,a,3:03:00 PM,a,no,,,0,,yes,,0,36,0,0,0,,,0,0,,,0,0,,0,0,0,0,,0,0,1,0,0,0,0,0,0,0,0,0,0,1,0,,0,0,,0,0,13,921,0,9,187,0,0,1,0,
patats,6-Sep,1,23,4,6,j+r,cloudy/windy,s+s+v,3,m+m+f,ms,ms,,fv,8:13:00 AM,8:33:00 AM,kongballs,12:14:00 PM,b,3:02:00 PM,b,no,,,0,yes,,a,0,5,6,0,2,0,0,0,0,0,0,0,0,,0,0,0,0,0,1,0,0,1,0,0,0,0,0,0,0,0,0,0,0,,0,0,,9,563,0,0,0,12,335,5,242,15,0,
patats,6-Sep,2,23,4,6,j,cloudy,s+s+v,3,m+m+f,ms,ms,,fv,11:14:00 AM,11:34:00 AM,kongballs,12:14:00 PM,b,3:02:00 PM,b,no,,,yes,yes,,a,0,0,0,0,4,4,980,0,0,0,0,0,0,,0,0,0,0,0,0,2,0,2,0,0,0,0,0,0,0,0,0,0,0,,0,0,,0,0,0,0,0,2,23,0,0,4,0,
patats,6-Sep,3,23,4,6,j,cloudy/windy,s+s+v,3,m+m+f,ms,ms,,fv,2:39:00 PM,2:59:00 PM,kongballs,12:14:00 PM,a,3:02:00 PM,b,no,,,0,yes,,a,0,21,1,0,0,0,0,0,0,0,0,0,0,,0,0,0,0,0,1,0,1,2,0,0,0,0,0,0,0,0,6,0,0,,0,0,,0,0,5,165,0,8,450,1,140,15,0,
stevie,6-Sep,1,23,2,5,j+r,cloudy/windy,s+s,2,m+m,ms,ms,,,8:35:00 AM,8:55:00 AM,coconut,12:11:00 PM,b,3:00:00 PM,b,no,,,0,,,,0,17,0,,0,,,1,225,,,0,0,0,0,0,1,7,,0,0,0,1,0,0,0,0,0,0,1,0,0,0,0,0,0,0,,1,7,2,38,0,3,309,4,489,4,0,
stevie,6-Sep,2,23,2,5,j,sunny/windy,s+s,2,m+m,ms,ms,,,9:54:00 AM,10:14:00 AM,coconut,12:11:00 PM,b,3:00:00 PM,b,no,,,0,,,,0,4,0,,0,,,0,0,,,0,0,2,0,8,0,0,,0,0,2,1,3,0,0,0,0,0,2,0,1,0,0,4,0,1,,1,4,1,12,0,0,0,5,871,5,0,
stevie,6-Sep,3,23,2,5,j,cloudy/windy,s+s,2,m+m,ms,ms,,,2:19:00 PM,2:39:00 PM,coconut,12:11:00 PM,a,3:00:00 PM,b,no,,,0,,,,0,3,1,,0,,,6,291,,,0,0,2,0,0,1,8,,0,0,1,0,0,0,0,0,0,0,0,0,1,0,0,0,0,0,,0,0,0,0,0,2,20,6,533,4,0,
ayana,6-Sep,1,23,3,6,j,sunny/cloudy,s+s,2,m+m,ms,ms,,,8:58:00 AM,9:18:00 AM,kongballs,12:19:00 PM,b,3:05:00 PM,b,no,,,0,,no,,0,6,2,0,0,,,0,0,,,0,0,,0,0,0,0,,0,0,0,0,0,0,0,0,0,0,0,0,0,0,0,,0,0,,0,0,1,24,0,2,143,8,806,4,0,
ayana,6-Sep,2,23,3,6,j,sunny,s+s,2,m+m,ms,ms,,,10:19:00 AM,10:39:00 AM,kongballs,12:19:00 PM,b,3:05:00 PM,b,no,,,0,,no,,0,0,0,1,0,,,0,0,,,0,0,,0,0,0,0,,2,0,0,0,0,0,0,0,0,0,0,0,0,0,0,,0,0,,0,0,0,0,0,0,0,9,903,5,0,
ayana,6-Sep,3,23,3,6,j,cloudy/windy,s+s,2,m+m,ms,ms,,,1:57:00 PM,2:17:00 PM,kongballs,12:19:00 PM,a,3:05:00 PM,b,no,,,0,,yes,,0,9,1,0,0,,,0,0,,,0,0,,0,0,0,0,,0,0,0,0,0,0,0,0,0,0,0,0,0,0,0,,0,0,,0,0,2,102,0,2,41,5,938,2,0,
stevie,13/06,1,24,4,6,j,sunny,s+v,2,m+f,ms,ms,,fv,8:06:00 AM,8:26:00 AM,bamboologs,3:07:00 PM,b,3:07:00 PM,b,no,,,0,,,,0,0,0,,0,,,1,610,,,0,0,0,0,3,0,0,,1,0,0,0,0,0,0,0,0,1,1,0,0,0,0,2,0,0,,1,13,0,0,0,1,8,5,257,2,0,
stevie,13/06,2,24,4,6,j,sunny,s+v,2,m+f,ms,ms,,fv,10:09:00 AM,10:29:00 AM,bamboologs,3:07:00 PM,b,3:07:00 PM,b,no,,,yes,,,,0,16,7,,0,,,2,280,,,0,0,0,0,6,2,129,,0,7,1,0,2,0,0,0,0,0,0,0,0,0,0,1,0,1,,0,0,0,0,0,4,52,4,145,3,0,
stevie,13/06,3,24,4,6,j,sunny,s+v,2,m+f,ms,ms,,fv,2:03:00 PM,2:23:00 PM,bamboologs,3:07:00 PM,b,3:07:00 PM,b,no,,,0,,,,0,0,1,,0,,,0,0,,,0,0,0,0,0,0,0,,0,0,4,0,0,0,0,0,0,0,0,0,0,0,0,2,0,2,,0,0,0,0,0,0,0,4,1019,11,0,
patats,13/06,1,24,3,6,j,sunny,s,1,m,ms,ms,,,7:45:00 AM,8:05:00 AM,bamboologs,3:08:00 PM,b,3:08:00 PM,b,no,,,0,yes,,a,0,2,2,0,0,,,0,0,,,0,0,,0,0,0,0,,0,0,0,2,0,0,0,0,0,1,0,0,0,0,0,,0,0,,4,241,1,56,0,5,208,7,451,15,0,
patats,13/06,2,24,3,6,j,sunny,s,1,m,ms,ms,,,11:17:00 AM,11:37:00 AM,bamboologs,3:08:00 PM,b,3:08:00 PM,b,no,,,0,yes,,a,0,0,0,3,0,,,4,393,,,5,287,,0,0,0,0,,0,0,0,0,0,0,0,0,0,0,0,0,0,0,0,,0,0,,0,0,0,0,0,3,30,1,342,1,0,
patats,13/06,3,24,3,6,j,sunny,s,1,m,ms,ms,,,2:24:00 PM,2:44:00 PM,bamboologs,3:08:00 PM,b,3:08:00 PM,b,no,,,0,yes,,a,0,5,1,0,0,,,0,0,,,0,0,,0,0,0,0,,0,0,0,2,0,0,0,0,0,1,0,0,0,0,0,,0,0,,2,55,0,0,0,0,0,8,899,18,0,
hope ,13/06,1,24,4,5,j,sunny,s+v,2,m+f,ms,ms,,fv,8:31:00 AM,8:51:00 AM,bamboologs,3:13:00 PM,b,3:13:00 PM,b,no,,,0,,no,,0,8,3,0,0,0,0,1,27,0,0,3,629,,0,0,0,0,0,0,0,0,0,0,0,0,0,0,0,0,0,0,0,2,,0,0,,1,34,3,147,0,5,235,4,80,1,0,
hope ,13/06,2,24,4,5,j,sunny,s+v,2,m+f,ms,ms,,fv,10:26:00 AM,10:46:00 AM,bamboologs,3:13:00 PM,b,3:13:00 PM,b,no,,,yes,,no,,0,5,2,1,0,0,0,0,0,0,0,0,0,,0,0,0,0,0,0,0,0,0,0,0,0,0,0,0,0,0,0,0,0,,0,0,,0,0,0,0,0,3,202,2,906,0,0,
hope ,13/06,3,24,4,5,j,sunny,s+v,2,m+f,ms,ms,,fv,1:20:00 PM,1:40:00 PM,bamboologs,3:13:00 PM,b,3:13:00 PM,b,no,,,0,,no,,0,28,10,1,0,0,0,0,0,0,0,1,9,,0,0,0,0,0,3,0,0,0,0,0,0,0,0,0,0,0,0,0,1,,0,0,,3,26,0,0,0,0,0,8,856,6,0,
ayana,13/06,1,24,4,5,j,sunny,s+v,2,m+f,ms,ms,,fv,9:40:00 AM,10:00:00 AM,bamboologs,3:15:00 PM,b,3:15:00 PM,b,no,,,yes,,no,,0,68,3,0,0,0,0,0,0,0,0,1,24,,0,0,0,0,0,0,4,0,0,0,2,0,0,0,1,0,0,0,0,0,,0,0,,1,9,2,54,0,2,55,15,833,2,0,
ayana,13/06,2,24,4,5,j,sunny,s+v,2,m+f,ms,ms,,fv,11:40:00 AM,12:00:00 PM,bamboologs,3:15:00 PM,b,3:15:00 PM,b,no,,,0,,no,,0,0,1,1,0,0,0,4,448,0,0,3,464,,0,0,0,0,0,0,0,0,0,0,0,0,0,0,0,0,0,0,0,0,,0,0,,0,0,0,0,0,0,0,4,121,3,0,
ayana,13/06,3,24,4,5,j,sunny,s+v,2,m+f,ms,ms,,fv,1:41:00 PM,2:01:00 PM,bamboologs,3:15:00 PM,b,3:15:00 PM,b,no,,,0,,no,,6,21,1,0,0,0,0,0,0,0,0,0,0,,0,0,0,0,0,0,0,0,0,0,0,0,0,0,0,0,0,2,0,1,,0,0,,0,0,7,302,1,10,327,5,186,5,0,
hope ,15/06,1,25,2,7,j,sunny,s+s+v+v+v,5,m+m+f+f+f,ms,ms,ms+fv+fv+fv,,8:39:00 AM,8:59:00 AM,bamboologs+kongballs,12:25:00 PM,b,3:30:00 PM,b,yes,2:05:00 PM,b,0,,no,,0,49,9,0,0,0,0,0,0,0,0,0,0,,0,0,0,0,0,1,0,0,0,0,0,0,0,0,0,1,0,0,0,0,,0,0,,1,6,0,0,0,1,9,3,990,2,0,
hope ,15/06,2,25,2,7,j+r,sunny,s+s+v+v+v,5,m+m+f+f+f,ms,ms,ms+fv+fv+fv,,11:25:00 AM,11:45:00 AM,bamboologs+kongballs,12:25:00 PM,b,3:30:00 PM,b,yes,2:05:00 PM,b,0,,no,,0,21,3,0,0,0,0,0,0,0,0,0,0,,0,0,0,0,0,0,0,0,0,0,0,0,0,0,0,1,0,0,0,0,,0,0,,4,36,0,0,0,2,55,8,1025,3,0,
hope ,15/06,3,25,2,7,j,sunny,s+s+v+v+v,5,m+m+f+f+f,ms,ms,ms+fv+fv+fv,,4:46:00 PM,5:06:00 PM,bamboologs+kongballs,12:25:00 PM,a,3:30:00 PM,a,yes,2:05:00 PM,a,0,,yes,,0,22,6,0,0,0,0,0,0,0,0,0,0,,0,0,0,0,0,0,0,0,0,0,0,0,0,0,0,0,1,0,3,0,,0,0,,0,0,1,29,0,1,10,7,1033,0,0,
ayana,15/06,1,25,2,7,j,sunny,s+s+v+v+v,5,m+m+f+f+f,ms,ms,ms+fv+fv+fv,,7:54:00 AM,8:14:00 AM,bamboologs+kongballs,12:26:00 PM,b,3:31:00 PM,b,yes,2:05:00 PM,b,0,,no,,0,0,0,0,0,0,0,1,676,0,0,2,520,,0,0,0,0,0,0,0,0,0,0,0,0,0,0,0,0,0,0,0,0,,0,0,,0,0,0,0,0,0,0,0,0,0,0,
ayana,15/06,2,25,2,7,j+r,sunny,s+s+v+v+v,5,m+m+f+f+f,ms,ms,ms+fv+fv+fv,,11:46:00 AM,12:06:00 PM,bamboologs+kongballs,12:26:00 PM,b,3:31:00 PM,b,yes,2:05:00 PM,b,0,,no,,0,33,4,0,0,0,0,0,0,0,0,0,0,,0,0,0,0,0,0,0,0,0,0,0,0,0,0,0,0,0,0,0,0,,0,0,,0,0,0,0,1,2,26,4,1058,2,0,
ayana,15/06,3,25,2,7,j+r,sunny,s+s+v+v+v,5,m+m+f+f+f,ms,ms,ms+fv+fv+fv,,4:06:00 PM,4:26:00 PM,bamboologs+kongballs,12:26:00 PM,a,3:31:00 PM,a,yes,2:05:00 PM,a,0,,yes,,0,20,2,2,0,0,0,0,0,0,0,0,0,,0,0,0,0,0,0,0,0,0,0,0,0,0,0,0,0,0,0,0,0,,0,0,,0,0,19,795,0,13,235,1,29,3,0,
stevie,15/06,1,25,3,7,j+r,sunny,s+s+v+v,4,m+m+f+f,ms,ms,fv+fv,,11:01:00 AM,11:21:00 AM,pvcpipe+bamboologs,12:32:00 PM,b,3:36:00 PM,b,yes,3:05:00 PM,b,0,,,,0,0,1,,0,,,2,189,,,0,0,0,0,0,2,281,,0,0,0,0,0,0,0,0,0,0,0,0,0,0,0,0,0,0,,0,0,0,0,0,0,0,4,648,7,0,
stevie,15/06,2,25,3,7,j+r,sunny,s+s+v+v,4,m+m+f+f,ms,ms,fv+fv,,3:15:00 PM,3:35:00 PM,pvcpipe+bamboologs,12:32:00 PM,a,3:36:00 PM,a,yes,3:05:00 PM,d,0,,,,2,14,1,,0,,,0,0,,,0,0,0,0,0,0,0,,0,0,0,0,0,0,0,0,0,0,2,0,1,0,0,0,0,0,,0,0,0,0,0,1,6,6,541,6,0,
stevie,15/06,3,25,3,7,j+r,sunny,s+s+v+v,4,m+m+f+f,ms,ms,fv+fv,,3:44:00 PM,4:04:00 PM,pvcpipe+bamboologs,12:32:00 PM,a,3:36:00 PM,a,yes,3:05:00 PM,d,0,,,,0,0,0,,0,,,0,0,,,0,0,0,0,0,0,0,,0,0,0,0,0,0,0,0,0,0,0,0,0,0,0,0,0,0,,0,0,9,379,0,7,804,0,0,0,0,
patats,15/06,1,25,4,7,j,sunny,s+s+v+v,4,m+m+f+f,ms,ms,fv+fv,fv,1:23:00 PM,1:43:00 PM,bamboologs+kongballs,12:37:00 PM,a,3:36:00 PM,b,yes,2:17:00 PM,b,yes,,,a,0,168,13,0,0,1,97,0,0,0,0,5,971,,0,0,0,0,0,0,1,0,0,0,0,0,0,0,0,0,0,0,0,0,,0,0,,1,6,2,23,0,0,0,0,0,0,0,
patats,15/06,2,25,4,7,j+r,sunny,s+s+v+v,4,m+m+f+f,ms,ms,fv+fv,fv,2:19:00 PM,2:39:00 PM,bamboologs+kongballs,12:37:00 PM,a,3:36:00 PM,b,yes,2:17:00 PM,d,0,,,a,0,0,1,0,0,0,0,0,0,0,0,0,0,,0,0,0,0,0,0,2,0,0,0,1,0,0,0,1,0,0,0,0,0,,0,0,,0,0,0,0,0,0,0,6,1083,7,0,
patats,15/06,3,25,4,7,j+r,sunny,s+s+v+v,4,m+m+f+f,ms,ms,fv+fv,fv,2:44:00 PM,3:04:00 PM,bamboologs+kongballs,12:37:00 PM,a,3:36:00 PM,b,yes,2:17:00 PM,d,0,,,a,0,0,0,0,2,2,89,0,0,0,0,0,0,,0,0,0,0,0,0,0,0,0,0,0,0,0,0,0,0,0,0,0,0,,0,0,,0,0,0,0,0,0,0,8,663,6,0,
stevie,16/06,1,26,3,8,j,cloudy/windy,s,1,m,ms,ms,,,8:49:00 AM,9:09:00 AM,wirecages,3:06:00 PM,b,3:06:00 PM,b,no,,,0,,,,0,1,1,,0,,,1,153,,,0,0,1,0,0,1,480,,0,0,0,0,0,0,0,0,0,0,1,0,0,0,0,2,0,0,,7,251,0,0,0,1,10,7,219,6,0,
stevie,16/06,2,26,3,8,j,cloudy/windy,s,1,m,ms,ms,,,11:34:00 AM,11:54:00 AM,wirecages,3:06:00 PM,b,3:06:00 PM,b,no,,,0,,,,0,0,1,,0,,,1,5,,,0,0,1,0,0,0,0,,0,0,0,0,0,0,0,0,0,1,0,1,0,0,0,2,0,0,,7,434,0,0,0,1,20,6,515,9,0,
stevie,16/06,3,26,3,8,j+r,cloudy,s,1,m,ms,ms,,,4:42:00 PM,5:02:00 PM,wirecages,3:06:00 PM,a,3:06:00 PM,a,no,,,0,,,,0,0,0,,0,,,1,512,,,0,0,0,0,0,1,9,,1,0,0,0,0,0,0,0,0,0,0,0,0,0,0,0,0,0,,0,0,2,214,0,2,403,0,0,2,0,
patats,16/06,1,26,2,6,j,cloudy/windy,s,1,m,ms,ms,,,9:53:00 AM,10:13:00 AM,wirecages+kongballs,1:53:00 PM,b,3:11:00 PM,b,no,,,0,yes,,a,0,4,2,2,1,,,1,92,,,2,254,,0,0,0,0,,0,0,0,0,0,0,0,0,0,1,0,0,0,0,0,,0,0,,3,66,0,0,0,1,15,5,552,22,0,
patats,16/06,2,26,2,5,j+r,cloudy/windy,s,1,m,ms,ms,,,2:35:00 PM,2:55:00 PM,wirecages+kongballs,1:53:00 PM,a,3:11:00 PM,a,no,,,0,yes,,a,0,0,0,0,0,,,6,195,,,4,286,,0,0,3,64,,0,0,0,3,0,0,0,0,0,1,0,0,0,0,0,,0,0,,0,0,0,0,1,9,414,1,12,8,0,
patats,16/06,3,26,2,5,j+r,cloudy,s,1,m,ms,ms,,,4:21:00 PM,4:41:00 PM,wirecages+kongballs,1:53:00 PM,a,3:11:00 PM,a,no,,,0,yes,,a,0,12,6,0,0,,,0,0,,,0,0,,0,0,0,0,,0,0,0,0,0,0,0,0,0,0,0,0,0,0,0,,0,0,,8,818,0,0,0,0,0,6,284,5,0,
hope ,16/06,1,26,3,7,j,cloudy/windy,s,1,m,ms,ms,,,8:28:00 AM,8:48:00 AM,wirecages+kongballs,1:49:00 PM,b,3:00:00 PM,b,no,,,0,,no,,0,72,19,0,0,,,0,0,,,0,0,,0,0,0,0,,1,0,0,0,0,0,0,0,0,0,1,0,0,0,0,,0,0,,1,131,2,53,0,0,0,6,742,4,0,
hope ,16/06,2,26,3,7,j+r,sunny/cloudy,s,1,m,ms,ms,,,3:15:00 PM,3:35:00 PM,wirecages+kongballs,1:49:00 PM,a,3:00:00 PM,a,no,,,0,,yes,,0,15,1,1,0,,,0,0,,,0,0,,0,0,0,0,,0,0,0,0,0,0,0,0,0,0,0,0,0,0,0,,0,0,,0,0,12,458,1,12,268,1,13,0,0,
hope ,16/06,3,26,3,7,j+r,cloudy/windy,s,1,m,ms,ms,,,3:57:00 PM,3:17:00 PM,wirecages+kongballs,1:49:00 PM,a,3:00:00 PM,a,no,,,0,,yes,,0,18,2,1,0,,,0,0,,,1,121,,0,0,0,0,,1,0,0,0,0,0,0,6,0,0,0,0,0,0,0,,0,0,,0,0,2,157,0,3,30,6,531,3,0,
ayana,16/06,1,26,3,7,j,cloudy/windy,s,1,m,ms,ms,,,10:15:00 AM,10:35:00 AM,wirecages+kongballs,1:50:00 PM,b,3:01:00 PM,b,no,,,0,,no,,0,4,1,2,0,,,0,0,,,0,0,,0,0,1,26,,1,0,0,0,0,0,0,0,0,0,1,0,0,0,0,,0,0,,0,0,9,328,0,5,30,7,566,4,0,
ayana,16/06,2,26,3,7,j,cloudy/windy,s,1,m,ms,ms,,,10:36:00 AM,10:56:00 AM,wirecages+kongballs,1:50:00 PM,b,3:01:00 PM,b,no,,,0,,no,,0,11,3,2,0,,,0,0,,,0,0,,0,0,0,0,,3,0,0,0,0,0,0,0,0,0,0,0,0,0,0,,0,0,,1,24,5,216,0,2,40,9,683,8,0,
ayana,16/06,3,26,3,7,j+r,cloudy/sunny,s,1,m,ms,ms,,,1:36:00 PM,1:56:00 PM,wirecages+kongballs,1:50:00 PM,d,3:01:00 PM,b,no,,,0,,yes,,0,0,0,0,0,,,0,0,,,0,0,,0,0,0,0,,0,0,0,0,0,0,0,0,0,1,0,0,0,0,0,,0,0,9,0,0,5,408,0,0,0,3,515,2,0,
